Name,Age,Income,Email,Category,Date,Text
Stefanie Lindsey,58,51119.629,smithjohn@example.org,D,5/26/1966,Easy center officer there soon away way organization.
Benjamin White DDS,62,29880.57768,afreeman@example.net,A,6/8/1969,Continue mean wrong fly simple report affect.
Tyler Marshall,66,70274.86168,annettedennis@example.com,A,11/4/1956,Design south road bed several he around.
Rodney Haynes,49,87671.37454,danny73@example.com,A,4/12/2002,Scene respond while entire.
Alejandro Hancock,34,94658.11332,bjohnston@example.net,B,11/30/1983,Mrs author simple respond guy drug thing.
Gabrielle Conley,50,71117.1192,deborah37@example.com,C,12/22/1950,Hit many how glass kitchen.
Erica Aguirre,34,82725.85003,boydeddie@example.net,A,10/13/1958,Glass last purpose answer second.
Kristina May,23,87201.90499,stevencooper@example.com,A,11/9/1947,Least town staff enjoy.
Michelle Scott,78,59723.01466,isummers@example.org,C,9/20/1983,Hundred get local main would that phone.
Matthew Peterson,51,99086.80389,karen42@example.com,A,3/13/1956,Democrat lot Republican body husband.
Brooke Jones,73,63503.03537,kennethshields@example.net,C,,Give magazine he question.
Alexandria Lee MD,44,41243.67071,craig59@example.com,A,1/7/1953,Suggest address return act.
Krista Beard,34,58275.79696,samanthahudson@example.org,B,2/13/1943,Give argue while.
Kimberly Matthews PhD,42,18123.93076,jonathan85@example.org,A,10/15/1956,Chair strategy pretty man send me.
Jorge Harris,73,66525.00136,jeff24@example.com,A,5/12/1976,Anomalous Text
Laura Hunter,77,83175.90658,,D,12/15/1971,Music travel result when.
Megan Ware,43,79904.19566,ricardo94@example.com,B,7/27/1990,She us I tonight bank kid.
Anthony Johnson,36,96780.61321,,A,12/25/1952,Industry reveal important national message almost camera.
Steven Miller,57,15687.53517,morriscaroline@example.net,A,1/20/1951,Anomalous Text
Kelly Rodriguez,51,49929.09909,halebruce@example.org,C,1/12/1983,Cover improve million blue visit.
Diana Sims,46,12717.58548,,B,,Anomalous Text
Joshua Franklin,55,67531.99756,clarkderrick@example.com,A,3/28/1954,Professional quite move program brother particular.
Joseph Burton,25,92896.73814,,A,3/14/1970,Never window product test box.
Mariah Harris,150,41244.20894,andradecynthia@example.com,A,10/15/1989,Figure respond ready scientist.
Kathleen Willis,50,24417.26657,moralesjames@example.net,B,1/8/1976,Nothing agreement require control same play decade cost.
William Walker,24,1000000,isteele@example.com,A,5/13/1964,Station term personal think focus benefit hand.
Nathan Chapman,70,96125.97269,haleykevin@example.com,D,8/14/1950,Cold student product maintain.
William Lane,31,69125.65181,hamiltonandrea@example.net,D,1/15/1982,Program interest white guy leader spend mouth.
Kristen Johnson,58,1000000,russoaustin@example.org,B,,Product provide old out trip prepare.
Benjamin Walker,45,88250.62644,jesus33@example.com,C,,Lot character commercial thought sure feel.
William Howard,77,56115.7033,jillian33@example.com,A,10/21/1965,Should adult west center stay again small.
Adam Wilson,39,71117.84826,thomaslewis@example.net,A,12/21/1975,Its beautiful fly.
William Morris,42,57904.27589,meghanclay@example.org,A,11/3/1945,Part public sell share movement.
Scott Ho,55,66930.6927,reynoldseric@example.org,B,6/4/1944,Fine nice trouble.
Brandi Simpson,74,95569.08228,npalmer@example.com,B,3/23/1997,To truth approach business.
Phillip Clark,67,53723.92413,,D,1/8/1983,Reason few by do rather message.
Michael Petersen,33,42167.12638,oobrien@example.org,B,11/9/1991,They focus close exactly make.
Miranda Dean,35,94186.51339,edwin81@example.net,C,12/27/2003,Space someone them while.
Cynthia Hernandez,45,86607.94096,ashley28@example.net,D,6/28/1960,Customer meeting might.
Beth Padilla,19,89076.45207,khubbard@example.org,C,8/20/1952,Science relationship career movie service oil.
Kendra Spencer,57,70849.61849,jcarlson@example.net,B,2/16/1980,Lose college authority project.
Tanner Williams,19,19183.45033,william00@example.com,B,3/22/1971,Moment whom summer.
Kristen Brown,49,40569.08965,daisy42@example.net,A,11/17/1944,Anomalous Text
William Hines,34,36511.95867,donaldwhitaker@example.net,B,10/7/1976,Whether coach reason ready throw section.
Denise Young,42,25413.44366,anthonyholder@example.org,B,12/17/1981,Where rich result boy community sell candidate prove.
Benjamin Padilla,150,-5000,natalie32@example.org,B,5/15/1976,Certain specific cold detail theory get.
Joseph Wagner,52,60275.51262,nfuentes@example.net,B,5/3/1978,Choice mission identify produce physical race end.
Zachary Torres PhD,54,68964.08307,aadams@example.net,C,6/13/1974,Join real green push.
Michael Ballard,40,86872.45011,virginiahodge@example.org,B,6/16/2005,Activity ok change.
Frank Dodson,62,59395.51145,,A,2/1/1995,Wrong win leader painting though either hard.
Brenda Hayes,41,11314.04454,,C,,Plant media ok heart training relate son.
Anne White,18,38577.05152,bradfordjose@example.com,C,,Shake drive follow house serious.
Phillip Marshall,23,59696.58923,xboyle@example.net,C,1/15/1970,Glass day director coach lead stay hair.
Dennis Gibson,53,11955.0112,,A,10/16/1979,Both law mention behind then impact.
Bianca Nixon,56,74913.49579,michaeljones@example.com,D,,Instead statement worker.
Christopher Mcdonald,20,98250.3134,knightamanda@example.net,A,6/8/1944,Enter high order role get apply matter law.
Ernest Freeman,44,46708.65967,charleneho@example.net,A,12/17/1991,Money effect people son main result.
Susan Duran,32,75900.50652,heidimoss@example.org,B,5/10/1950,Up response wish spring series federal quite eat.
Nancy Moore,78,87834.82236,wstafford@example.net,B,5/1/1956,Test answer marriage it.
Sandra James,71,59894.19972,angelaguerrero@example.org,A,6/10/1974,Participant two various similar book wrong would although.
Sarah Sharp,76,-5000,jacob48@example.com,C,7/1/1945,Share author discussion.
Judith Koch,60,81380.97787,uli@example.com,A,10/20/1963,Early American discover act power nation.
Samantha Fisher,46,-5000,joshua29@example.com,B,11/19/1981,Various pressure option spend avoid military might.
Kenneth Ward,56,94412.12331,fpowers@example.org,A,7/16/2003,Nature tough together of low voice thus.
Thomas Wade,51,98918.04536,valenzuelabrett@example.net,A,,Senior scene yeah huge.
William Huynh,37,80954.20741,garzajennifer@example.org,B,,Chance campaign seat blue.
Laurie Luna,79,72922.70765,mcconnelldana@example.org,C,9/2/1947,Hospital necessary sometimes bring.
Amanda Peterson,33,79570.20458,kentheidi@example.org,C,10/11/1961,If minute fire point behind body out.
Christopher Merritt,79,88979.7394,,C,5/15/1973,Management say sign history left fall nothing nice.
Daisy Castaneda,53,40905.58267,elizabeth70@example.com,D,4/12/1962,Voice bank high.
Stephanie Martinez,67,10511.08623,ashleymeyer@example.org,C,8/20/1952,President someone upon strong war.
Eric Cruz,200,81965.64352,reginamartinez@example.net,C,6/18/2000,Whole produce rather everyone.
Thomas Flynn,39,49272.32051,ariana24@example.org,B,10/30/1948,Level situation these letter expert away down.
Rhonda Wood,80,24862.06922,sara45@example.com,C,4/30/1944,Second relationship eat son important.
Jennifer Daniel,52,93846.41953,,C,10/25/1986,Newspaper less season base.
Alexis Tran,50,85623.70237,andrea47@example.org,B,3/23/1982,Build happy effect herself late single them.
Melissa Miller,52,89253.19775,rogergomez@example.com,B,,No talk population early state upon.
Jill Vaughan,73,78988.63636,nathanieledwards@example.org,C,,To realize state enjoy.
Brittany Grant,27,95386.73192,saraholmes@example.net,D,10/18/1994,Realize model maybe watch soon indeed skill.
Brandon Rivera,22,14591.18165,andrew18@example.org,C,11/15/1976,Woman nearly particularly.
Brian Christensen,70,56062.7714,oliviagallagher@example.net,B,10/20/1994,Anomalous Text
Crystal Buck,19,43940.61291,,B,4/1/1990,Anomalous Text
Robert Sanchez,32,41526.4161,alyssastrickland@example.com,C,8/26/1988,Reveal cut word.
Catherine Decker,58,53580.27018,mcdonaldkaren@example.com,B,3/26/1987,Or major because.
Tara Mitchell,52,80103.56559,woodardcheryl@example.com,A,4/5/1995,Anomalous Text
Mrs. Mackenzie Andersen,45,-5000,dickersonemma@example.net,C,12/11/2003,Cost property seek think deal different reason.
Tamara Anderson,47,63067.86708,kristencook@example.net,C,5/9/1997,May whose but pattern perhaps each.
Terry French,36,83230.91506,bianca44@example.net,A,5/19/1986,Local western management not break memory million.
Stephanie Duncan,41,53182.68433,fisherwayne@example.net,A,4/3/1947,Court industry they community bed inside.
John Payne,69,1000000,cookgeorge@example.net,A,6/1/1961,Build foreign send.
Chad Murphy,72,68739.99344,thomas80@example.net,B,12/5/1981,Sea base chance as recent company.
Lisa Calderon,77,99525.65602,jake07@example.org,C,7/7/1993,Understand look difficult first example evening we.
Kenneth Harris,62,44775.17904,johnlong@example.com,A,1/4/1982,Their letter send against official.
Elizabeth Lewis,38,51221.85849,matthew00@example.com,C,6/8/1974,Understand establish me company begin floor.
Julie Diaz,150,34609.03822,johnkey@example.net,A,7/1/1953,Base song just only police Congress.
Cassandra Wilson,150,74995.93943,lisa88@example.net,A,7/3/1948,Cell after talk nation she at throughout sister.
Thomas Mason,64,79011.60923,gregoryhart@example.org,A,9/23/1955,Quite every security employee.
Lori Ward MD,77,69224.41094,,B,12/27/1998,Red seat away break build camera fight.
Michael Mcguire,19,38762.56727,,C,11/5/1983,Energy we season increase second meeting base.
Natalie Carson,41,91432.30564,michaelray@example.net,D,,Fish best candidate.
Richard Lindsey,38,70207.32012,andrewfitzpatrick@example.org,C,8/28/1943,Would time white heavy year half society.
Miguel Thomas,22,79959.11127,jaclynrobertson@example.org,B,3/4/1991,Off town somebody draw despite bar.
Joanna Hernandez,36,39166.9621,dianewright@example.com,A,,Accept now sport say program.
Antonio Hernandez,68,23692.09684,eperry@example.org,B,4/24/2002,More their sort manager.
Natalie Rogers,56,63888.07898,suttonkaren@example.org,D,8/4/1991,Military program drive.
Elizabeth Jennings,64,91816.10538,fuenteszachary@example.net,B,3/29/1991,Dark general and issue lawyer protect.
Kathryn Baker,75,-5000,cannongary@example.com,C,,Throw visit door final enough sit.
Jeffrey Curtis,51,76203.01745,zlong@example.net,B,,Structure perhaps place population choose main military.
Christine Bryant,19,92776.12071,nicoleday@example.net,B,12/10/1971,Miss member year teach check reduce.
Jesse Hawkins,-5,99362.15213,ortizjohn@example.com,D,7/1/2002,Out medical work sport his house onto.
Michael Brown,150,11593.00136,,D,3/1/1955,People president ground expert quality article current.
Bryan Thompson,64,89896.48146,hmeyer@example.net,D,12/22/2004,Artist fall receive serious attention.
Kristie Jensen,50,60034.66812,williamwise@example.net,A,9/7/1969,Anomalous Text
Veronica Brown,78,96246.42411,tristan71@example.org,D,9/2/1964,Model spring Mrs their receive if.
Michael Williams,74,49889.82203,wallerbenjamin@example.net,A,4/3/1967,Anomalous Text
Haley Obrien,27,48753.26475,,A,2/22/1968,Property learn believe week.
Anthony Taylor,54,78489.29875,james09@example.org,B,5/13/1986,Seem along magazine information development show series.
Julia Davidson,200,85810.53788,katie64@example.com,D,4/24/1968,Like million scientist those effect stock.
Richard Garcia,57,37167.46571,xcowan@example.net,C,10/20/1950,Play more itself their always see third.
Gabriela Ross,67,16476.84836,john30@example.net,D,3/18/1997,Anomalous Text
Sarah Norman,35,91533.57686,howardjustin@example.com,D,6/25/1995,Resource little foreign sister number lose technology nation.
Emma Johnson,37,75589.51438,,C,1/11/1954,Respond commercial enjoy very central believe case.
Eric Craig,60,-5000,javierperry@example.com,B,12/3/1992,Local move allow team bring shoulder.
Lisa Henry,48,-5000,crystalcrawford@example.com,B,11/2/1942,Figure particularly fly maybe really.
James Kelly,50,48523.98001,isaacthompson@example.net,A,8/18/1984,Nothing wait study woman son standard yeah kid.
Kara Osborne,18,34931.2126,parkseth@example.net,C,8/11/2003,Free beat model establish political business deal.
Keith Singh,42,81264.07708,katherinewatson@example.org,A,7/3/1973,Decision either kitchen alone agree artist often.
Brianna Miller,65,96854.23699,sarahrivera@example.org,C,4/15/1984,Number continue some management race we.
Laura Berger,38,86451.18475,tsingh@example.com,A,2/19/1989,Per different so threat find whatever beautiful.
Stacy Martin,74,26181.21291,allison08@example.com,D,11/4/1987,Want consider certain tough but in.
Jose Fields,150,29757.73351,michaeldawson@example.org,C,6/29/1965,Cup boy old test ok buy any provide.
Adam Owens,31,61888.9753,mramirez@example.org,B,7/8/1953,Paper parent above many hotel off.
Chad Porter,60,1000000,thomasjordan@example.com,C,3/30/1995,Example finish work price attack matter owner.
Reginald Figueroa,32,1000000,katherine64@example.com,A,10/28/1962,Type list sister rock.
Gabrielle Lawson,25,30725.55248,jsilva@example.com,C,1/2/1976,Anomalous Text
Charles Davis,42,57788.91877,grichardson@example.net,A,1/3/1982,End car team individual practice.
Aaron Schneider,32,83753.99769,montgomerytodd@example.org,C,12/29/1960,Involve investment tell rise soon pattern all.
Sara Johnson,45,94718.72776,davisjulie@example.org,D,4/8/2003,Protect case police form current science affect.
Ryan Aguilar,79,41809.89317,gtaylor@example.com,B,,Season like book poor tonight manager.
Kevin Fletcher,75,53724.9463,,B,3/12/2003,Billion trouble campaign imagine pattern summer.
Jillian Dennis,27,62942.67768,jennifer37@example.org,A,5/8/1961,Assume find media of.
Gina Ali,34,46259.75319,othompson@example.org,B,10/1/1943,Edge cultural up radio once arrive.
Chad Williams,23,56126.70796,hartbernard@example.com,B,1/12/1991,Ago push probably great.
Austin Dyer,46,33595.79459,marisascott@example.org,B,4/22/1999,Serious gun newspaper them meet.
Jennifer Bruce,58,88311.95193,amanda14@example.com,A,,Think represent language company.
Stacey Estrada,42,1000000,,C,12/16/1982,Exactly history figure firm doctor view stuff mean.
Thomas Soto,52,58192.10728,,A,6/14/1990,Anomalous Text
Amber Williams,54,63801.70961,murphysara@example.net,C,10/22/1946,Work treatment sense economy current.
Austin Smith,68,-5000,kingwendy@example.com,B,7/7/1950,Score guy word performance cultural account.
Phillip Yates,-5,-5000,gerald61@example.com,C,6/1/1985,Anomalous Text
Mrs. Cheryl Wilson,38,59193.62751,,B,7/19/1993,President government successful another house ball product.
Bobby Powell,54,56881.20496,lisa37@example.org,C,11/21/1962,Anomalous Text
Alex Hicks,35,73926.1478,nicole43@example.org,B,6/15/1993,Country himself draw buy admit.
Amanda Boyd,54,44319.28982,isaac46@example.org,B,,Child on ten experience teacher mission still.
Richard May,74,50389.01338,wardlisa@example.com,A,5/2/1985,Relationship represent computer contain staff campaign.
Angelica Young,35,69346.40441,yoneill@example.net,B,9/15/1971,Fall make somebody year figure.
Barbara Brown,65,39477.04685,tweiss@example.com,D,12/27/1953,Ground sure character understand.
Robert Stewart,31,19140.36847,millermelissa@example.com,A,12/25/1989,Behind she yourself last.
Michael Douglas,52,23633.15802,hernandezjohn@example.com,A,5/14/1959,Argue once nation effect.
Jenna Jones,42,79824.76149,robertmedina@example.net,B,6/2/1978,Thus water send such cost.
Mr. Patrick Pena,30,97498.71108,uphillips@example.net,B,7/21/2005,Anomalous Text
Frank Russo,43,54366.98608,hli@example.net,A,1/8/1971,Current head each.
Dr. Justin Miller,150,48209.41321,snydercarmen@example.org,A,9/21/1972,Anomalous Text
Randall Sheppard,-5,66878.32046,taraschneider@example.com,A,3/11/1966,Hit crime face agency writer bank reason.
Leslie Wilson,79,38341.41266,evelynjohnson@example.org,C,1/27/1977,Miss special after ago structure expect.
Stephen Rodriguez,23,32614.51416,amy90@example.com,B,4/20/1946,Bring number page improve ground number drop.
Jane Peterson,54,12084.57214,russell20@example.org,A,2/18/1980,What ground popular strategy either your.
Timothy Owens,150,91860.14017,xhancock@example.net,D,4/12/1960,Cover whatever leg reason baby.
Mr. Roger Simpson,51,63968.2746,davisdavid@example.com,A,1/9/1998,Ground contain bag amount music fly teach.
Christopher Decker,36,33980.9811,smithtracy@example.org,C,7/24/1944,Management particular people store.
Christopher Hines,31,72354.58062,ehood@example.org,A,6/4/2001,Social be learn nothing notice treat yard.
Samantha Anderson,44,-5000,stephaniewalker@example.com,C,8/27/2002,Affect environment reflect imagine.
Thomas Melendez,71,66190.43263,uthornton@example.net,C,9/11/1945,Anomalous Text
Karl Turner,58,44083.99589,davidjackson@example.com,B,,Mission notice push administration return those.
James Ramsey,68,67185.78765,creynolds@example.org,C,9/8/1979,Computer parent method order.
Jason Mills,22,-5000,kduncan@example.net,C,5/11/1975,Experience friend including family face better nation.
Patrick Diaz,20,69732.66874,gspence@example.net,B,4/29/1945,Bank build explain recognize collection behind avoid when.
Christopher Martinez,34,20864.44389,theresa19@example.com,B,7/11/1993,Action south less party.
Paul Madden,72,97219.81053,pamelascott@example.com,C,1/17/1991,Past offer challenge record.
Robert Marshall,150,1000000,irodriguez@example.org,C,2/1/1998,Than magazine hit outside.
Jeffrey Ward,51,29741.70522,wolfmichael@example.net,C,,Grow voice treat truth.
Samuel Maldonado,45,92358.67018,christina07@example.com,D,,Anomalous Text
Scott Kim,35,93028.12942,howardriley@example.net,C,4/21/2003,Authority their win culture.
Clifford Mcdonald,73,46733.8478,matthewbrooks@example.org,C,5/30/1962,Something dark cause peace scientist child require.
Danielle Roberts,62,39113.38576,scottelizabeth@example.com,B,,Turn couple remember series speech.
James Flores,64,13257.39474,alexandrahall@example.net,A,8/7/1986,Security agent method return.
David Monroe,200,51895.0186,harperstacey@example.com,B,5/27/1969,Spring lay on in community star.
Maria Silva,62,1000000,zbaker@example.org,B,3/4/1953,Create eight site floor former senior.
Stephanie Fields,65,22470.08939,kylemercado@example.net,D,2/15/1970,Anomalous Text
Brittany Tapia,48,75468.30938,leeselena@example.net,C,12/28/1996,Away fast church none sense.
Richard Rivera,39,98319.04616,christina38@example.com,C,7/1/1995,Serve fall college finally.
David Yang,51,39872.66964,tiffany19@example.org,C,7/12/1978,Upon class budget citizen every.
Jacqueline Moore,31,1000000,turnerjennifer@example.com,A,11/8/1949,Anomalous Text
Kayla Rose,73,95162.17099,lisacastaneda@example.org,B,1/6/1989,Just later space yet.
Tyler Newton,60,70697.56248,ychang@example.org,A,6/9/1973,Hotel number brother democratic you sea.
Carlos Martinez,64,82614.47011,codywilliams@example.com,B,9/11/1952,Heart Mr head face again others.
Alex Smith,39,65275.36987,martinrichard@example.com,D,9/14/1998,Herself several research dark.
Brian Waters,41,14337.34704,ssaunders@example.com,A,,Particularly nor focus not property may.
Kelli Brown,200,93299.32619,,C,1/27/1967,Election official understand pretty clear price next.
Justin Abbott,42,95544.93515,srichard@example.net,A,4/24/1949,Six rest person idea check size consider.
Jeremy Proctor,62,15052.76307,mezajesse@example.net,D,7/7/1952,Anomalous Text
Christopher Fisher,43,46284.21944,clarkgeorge@example.net,C,5/11/1989,Executive and tell sense.
Matthew Hernandez,67,76613.37804,costanicholas@example.net,B,2/24/1992,Approach enough cold minute.
Alexa Webb,41,26355.57018,brewerjoseph@example.net,A,3/28/1961,Over space specific care part let various.
Gregory Morales,76,73615.25736,bsingh@example.com,B,12/20/1972,Movement child organization nation its stock from before.
Gabriel Erickson,33,28208.50773,zacharyanderson@example.net,B,6/3/2001,Service as land economy thought data feeling.
Sean Ray,22,61090.76606,daniellecortez@example.org,A,11/8/1994,Everybody system stay respond.
Charles Peterson,70,79773.20109,thomashernandez@example.com,A,10/15/1972,Ask price make.
Michael Garcia,28,99518.45824,vsmith@example.com,B,7/10/1955,Mean everybody news market.
Lisa Carpenter,30,-5000,,C,,Available heavy oil strong.
Angela Morris,39,75441.95219,spencerperez@example.com,C,11/24/1987,Anomalous Text
Laurie Simmons,52,79373.61041,rosalessean@example.net,C,7/13/1980,Herself near drug space security rich.
James Waters,31,66382.03653,miranda60@example.net,C,2/13/1956,Maintain off personal here.
Sean Rodriguez,47,30990.45121,gregory32@example.net,A,5/17/1969,Pass walk join mouth physical lay.
Timothy Robertson,40,52002.39623,millerjohn@example.com,B,3/2/1958,Could information firm.
Crystal Daniels,44,60752.00367,,A,3/21/2002,North truth station theory fire home space.
Richard Harvey,71,89271.42797,lmartin@example.org,B,2/4/1943,Return camera choose be ahead letter.
Lisa Frey,24,64972.92141,ucasey@example.com,B,3/1/1979,Trial run suddenly.
Scott Ramsey,200,35216.1354,lguerrero@example.com,A,,Carry manage writer whatever official.
Troy Watson,64,65598.21567,whitemelissa@example.net,C,9/4/1964,Either large citizen whole senior those production recognize.
Gordon Mcdaniel,-5,-5000,ywelch@example.net,D,9/30/1958,Finally present stock family per.
Parker Bruce,67,90318.23208,chenalexander@example.com,B,1/3/1967,Data bit physical environment free financial decide.
Frederick Graham,65,39475.01853,weissrobin@example.com,A,5/24/1949,Note return them race.
Mitchell West,69,59577.97197,mhuffman@example.net,B,7/8/1945,Interesting anyone remember development concern.
Daniel Lang,65,13184.98335,stephanie99@example.net,B,11/7/1945,Mind word close significant option.
Andrew Mora,63,78538.9443,wilsonpamela@example.com,C,6/16/1966,Seem far learn cold model write.
Erica Payne,56,44538.05818,gmoss@example.com,C,8/21/1949,Explain economy visit tend.
Joel Walters,26,55785.79419,nhutchinson@example.com,B,10/25/1979,Smile race area quickly reason score suffer show.
Melissa Gordon,42,90542.39682,tkoch@example.com,B,5/28/1999,Along traditional available whether than instead.
Sarah Schmidt,75,46522.78987,meyersusan@example.com,A,3/7/1997,Commercial pressure local.
Keith Campbell,77,69838.30689,rallen@example.net,A,2/21/1977,Although hear second relate late.
Cindy Hawkins,56,71270.43471,ann04@example.com,C,9/27/1984,Employee class box per religious fly meet.
Joseph Wright,19,75156.09548,iwalker@example.com,C,2/21/1998,Big could thing investment change.
Chris Davis,75,96253.69905,jennifer40@example.com,A,8/26/1954,Speak property without expect against attorney.
Terri Shaffer,-5,-5000,joshuabrown@example.org,A,12/8/1972,Spring race computer bit project meet court.
Joseph Hawkins,36,26368.21701,stephaniesullivan@example.org,B,9/17/1995,Contain size lay hold second.
Nancy Foster,53,99314.12091,stephanieochoa@example.org,C,11/26/2003,Which civil laugh none.
Tammy Ramirez,67,49297.35059,wendy02@example.com,A,6/5/1971,Region move husband official.
Danny Gonzales,62,78580.09436,bjohnson@example.net,A,,Word may executive cost development third.
Steven Kelly,200,66762.46287,sroberts@example.net,C,6/30/1949,Anomalous Text
Regina Clark,77,81144.37139,vwalter@example.org,A,,Anomalous Text
Amanda Nash,62,40396.17059,johnsonsarah@example.net,B,9/9/1966,Girl rock list memory.
Julia Davis,64,47543.56838,,B,3/22/1988,Necessary eight collection smile piece.
Katrina Larsen,150,87024.81661,steven21@example.net,D,3/31/1950,Anomalous Text
Megan Gardner,27,42188.54563,francischarles@example.net,A,12/14/1990,Ball life back than center.
Jeffrey Valenzuela,62,54925.20596,raguilar@example.com,A,1/28/1946,Marriage down believe season.
Rebecca Townsend,59,1000000,mariaholt@example.com,A,5/26/1966,Know major month from strategy.
Walter Jennings,69,47763.03929,aromero@example.net,B,10/21/1977,Cover give listen.
Alexander Booker,26,34998.05309,vincentreed@example.org,C,7/4/1977,Yes approach purpose your return artist show.
Jose Cuevas,-5,38073.34791,jimmyhill@example.net,D,4/2/1991,Lead best up agreement.
Michele Long,18,74308.07704,diazbethany@example.com,C,5/28/1944,Young camera strategy.
Jessica Smith,62,65544.76535,josestone@example.org,A,5/2/1979,Message land skill people.
Sarah Nguyen,63,57328.27373,nancycunningham@example.org,B,12/18/1950,Car another pay recently century area usually record.
Tracy Schmidt,26,87921.9202,,A,10/2/1957,Movement one even teacher marriage use.
Douglas Sloan,59,1000000,dtaylor@example.com,D,4/14/2001,Will describe cost say tonight stop simply particularly.
Rachel Huynh,150,62698.55704,nmccann@example.com,B,,Strong piece probably us population pretty democratic.
Joy Burke,69,33205.83187,kimberlymorgan@example.com,C,4/4/1950,Anomalous Text
Dana Hall,-5,57760.38476,donnafoley@example.net,B,7/26/2001,Collection part line store.
Ryan Russell,65,1000000,matthew15@example.com,C,5/30/1987,Despite food probably so.
Daniel Turner,30,24378.58002,laurajones@example.net,C,4/1/1973,Consumer prepare anything.
Juan Adkins,43,59697.56561,vjones@example.com,C,4/9/1975,Room woman set from yeah letter help.
Kathleen Austin,80,72073.89543,psmith@example.net,C,9/30/1994,Offer week put them wish million sometimes.
Edward Powell,24,37422.23194,,C,1/27/1949,Miss arm data thing coach fall.
Shane Snow,57,39146.44428,,A,8/10/1944,Really nature daughter watch wear.
Molly Friedman,63,88402.44087,kristinabrown@example.org,A,9/25/1987,Save here affect health affect.
Brooke Jones,76,53036.2227,ejames@example.com,B,10/14/1971,End hope medical age ahead skin do.
Christine Reeves,22,76393.77992,,C,2/15/2005,Itself against against turn above head laugh.
John James Jr.,76,29329.39947,lisamcdowell@example.com,B,4/8/1982,Attorney go positive bank.
David Lopez,38,36374.97161,hrobinson@example.org,B,1/31/1991,Ability area exist night.
Kathleen Blair,52,77206.1531,qsingh@example.org,B,6/2/1959,Outside training produce away any nice sing.
Barbara Mueller,65,41814.76246,kristen87@example.com,C,10/6/1983,Break region set.
Jessica Rowland,25,62972.58472,patrick47@example.org,A,,Style common information understand sell cause certain.
Christopher Ramos,54,73596.69278,nancy52@example.org,D,5/5/1994,Education worry follow test today.
Marvin Reynolds,42,49141.14412,mgeorge@example.org,A,12/9/1954,Mother turn today ask be effort significant.
Wendy Simon,50,89096.48903,richard60@example.net,B,10/20/1969,Continue become race head.
Mrs. Cynthia Pope,66,39970.65682,juan78@example.net,C,,Anomalous Text
Beth Yang,65,50256.33042,farmerangel@example.net,D,3/10/1982,Page billion see piece describe quite.
Mrs. Megan Nelson,55,70142.27968,wbradley@example.net,A,8/17/1998,Anomalous Text
Daisy Mitchell,38,47323.8386,irivera@example.org,B,5/15/1947,Reality war western view she also oil.
Harold Lewis,61,-5000,katie03@example.net,C,3/9/1950,Among mouth whatever bit into.
Robin Dougherty,52,47128.55274,charlesstephenson@example.net,C,9/17/1997,Year tax ask itself matter.
Steve Short,-5,40911.85128,nicole54@example.com,B,10/6/1990,Task each have fire short particularly different.
Mary Jones,52,66914.04601,joanfloyd@example.net,A,8/8/2001,Station work reality kitchen arm teacher vote.
Megan Garcia,51,42473.84943,edavis@example.org,B,6/10/1999,Leave human owner process sound page tree.
Curtis Martin,74,39958.93633,jordantyler@example.com,C,12/1/1991,Eye film response two yes event respond.
Travis Freeman,37,71290.9257,stephaniecarter@example.org,A,6/25/1965,Before yeah find compare.
Eric Gates,43,61318.2519,thomashansen@example.com,A,7/25/1985,Light beyond eat message success between price.
Marcus Long,69,73317.1675,briannaweiss@example.com,A,4/4/1993,Practice be community nice.
Tamara Rivera,34,44106.62215,timchambers@example.com,A,8/12/1958,Herself clearly front relate require.
Michael Robbins DDS,37,51512.52195,andrewboyd@example.com,A,7/6/1951,Attack ago politics hold let lot.
Kenneth Gomez,60,22911.53308,proctormelissa@example.com,B,3/23/1985,Professional over forget everyone bad section can.
Ryan Raymond,69,-5000,jacksoncharles@example.net,B,3/8/1947,Learn practice price behind staff specific.
Jeffrey Walker,34,26341.49061,cruzjulie@example.org,C,,Information practice star explain only trouble.
Danielle Harrington,62,83030.01071,oduncan@example.net,B,1/1/1975,Country artist himself nation.
Allison Johnson,36,21073.01172,jenna45@example.com,C,11/13/2004,Only itself talk traditional within.
Deborah Baker,27,17546.25857,jonathanpatterson@example.com,A,9/6/1996,Money local beat herself.
Lisa Taylor,61,44232.21759,anelson@example.org,D,3/17/2001,Themselves national form four.
Elizabeth Madden,150,72361.19599,hendricksbrent@example.net,B,4/16/1972,Inside chair apply relationship behavior state painting.
Shelly Jackson,65,87989.44707,mreeves@example.com,B,12/23/1974,For baby director.
Karen Gill,40,65628.3448,smithdaniel@example.org,C,2/11/1977,Throw across lose reality prepare woman simply team.
Ms. Rebecca Meyer,54,79591.40644,jasmine32@example.net,B,,Religious try candidate say toward animal nearly.
Brittney Shepard,73,92724.74788,sheryl28@example.org,B,,Carry about system color choice light less.
Kara Bates,74,96093.20573,ksosa@example.org,A,6/1/1959,Use white several station office understand need.
Toni Price,68,23037.16158,sharon51@example.net,B,3/19/1952,Skill Democrat election hour adult where believe wear.
Billy Smith,20,37064.64102,bakerjohn@example.org,C,,Anomalous Text
Erica Chambers,39,49237.15665,acevedorebecca@example.org,C,11/21/1945,Benefit direction true mission history.
Michael Harris,23,22040.34897,blake19@example.net,B,11/13/1982,Two every attention toward under station.
Casey Reed,36,84655.55811,howardsheryl@example.net,C,1/2/2003,Practice night hospital you position reveal happen.
Angela Delgado,79,96076.44967,,B,4/20/1944,Soldier social energy.
Haley Taylor,34,-5000,suzannejones@example.com,A,8/19/1964,Approach professional cut decade five interview represent.
Nicholas Kelly,66,94324.79893,sheliagrimes@example.com,D,12/20/1945,Official beat sense man.
Ms. Melissa Barron,30,18480.36174,njordan@example.org,B,4/10/1949,Anomalous Text
April Thomas,200,16354.37538,scampbell@example.com,A,5/14/1989,Behind skin Congress major bag tend bar break.
Justin Brown,69,14551.95553,cbrown@example.net,D,7/10/2004,Create style democratic something hair total.
Jennifer Fitzpatrick,31,86014.09834,,D,5/10/1979,American however put role.
Jeffery Bowman,74,68588.82016,jeffrey92@example.net,B,2/20/1982,Anomalous Text
Maureen Duncan,-5,91122.23994,wernerchristopher@example.com,A,5/9/1992,Move thank role despite stuff less themselves.
Adam Quinn,51,58182.40559,brookerichardson@example.com,A,,Anomalous Text
Diana Francis,60,1000000,nancy71@example.com,C,1/13/1975,Customer worry life land to cup officer activity.
Ryan Stafford,43,64431.00172,amandamiller@example.com,A,9/30/1985,Key election cultural amount until continue hit.
Robert Thomas,64,60215.62336,jeffrey32@example.com,A,6/13/1985,Behavior perhaps how center market than.
Kimberly Hale,46,42256.66514,juliejacobson@example.net,D,7/12/1960,Value theory place lose there hold.
Shirley Flores,71,10188.72596,,B,8/23/2000,Anomalous Text
Jerome Gonzalez,69,93914.33204,graygeorge@example.com,C,10/13/1988,Hard person age pick return way.
Michael Lin,77,30312.12801,kyle21@example.com,B,11/1/1967,Garden push street establish.
Dawn Morris,52,64983.66284,michaelbecker@example.com,A,12/2/1984,Fast ask perhaps member soon.
Patricia Butler,45,81801.81712,omason@example.org,B,7/5/1948,Baby per information station beautiful catch town.
Mary Sanchez,76,30143.0671,wrios@example.net,D,,Air indicate financial rather.
Linda House,23,61245.16824,williamshaw@example.com,A,2/22/1947,Appear along major fund beyond short.
Sarah English,75,16051.46185,heather50@example.com,A,8/23/1986,Seek personal send direction page speech from.
Curtis Estrada,66,57265.80813,lukemalone@example.org,B,12/30/1945,End run final include certain school.
Courtney Campbell,49,95949.27097,awallace@example.net,B,2/4/1970,Person get knowledge light paper sort occur enter.
Michael Mcbride,79,77048.37808,hunttony@example.net,A,12/17/1990,Idea relationship region herself.
Tiffany Cook,35,12710.84883,lnorman@example.net,B,11/2/1949,Rest establish last computer prove how term the.
Amanda Nelson,34,85700.33027,ruizlisa@example.com,B,12/14/1949,Show late popular magazine.
Lisa Valdez,70,64148.23429,oglass@example.org,B,12/5/1944,Most star writer range president.
Richard Blair,29,87131.94021,amyhamilton@example.com,A,2/8/1967,Several single defense.
Wanda Ross,32,12477.69606,paul65@example.org,C,3/24/1998,Perhaps effect account difficult particularly student many back.
Elizabeth Anderson,30,34725.74333,callahanmichele@example.com,C,11/13/1984,Open say high no billion area true who.
Todd Glenn,52,32301.48913,wesley58@example.org,A,6/28/1955,Certain history partner involve.
Christian Gardner,79,55567.97049,,C,5/8/1978,Address carry outside inside behavior option.
Blake Smith DDS,35,74343.83581,john94@example.org,C,,Little inside author.
Whitney Tate,29,-5000,austin31@example.org,B,6/4/1994,Republican far yard true lot American political fine.
Anita Johnson,150,87143.30153,paulwright@example.net,A,7/7/1966,Anomalous Text
Andrew Martin,-5,96836.11928,xterry@example.net,A,10/6/1955,Recent affect very management out hit away.
Ellen Miller,23,81383.50783,,B,12/11/1990,Story inside pattern capital feeling believe throw pass.
Steven Vaughn,23,72777.88431,carterantonio@example.net,A,5/20/1977,Career theory apply off create human decide beautiful.
Mr. Jeffrey Griffin MD,27,13322.72714,,A,1/11/1947,Agree live game.
Erin Morales,79,32676.457,wpowell@example.net,A,5/19/2004,Pass center can.
Amanda Wilson,200,50124.93684,owenanne@example.org,C,10/17/1975,Anomalous Text
Mr. Stephen Foster,66,81762.51472,,B,12/29/1992,Interview meet anyone memory catch bit baby.
Kyle Tate,46,34658.24871,ysmith@example.org,B,4/16/1981,Almost never fill couple traditional quality writer.
Emily Lee,57,38073.24867,imueller@example.com,B,,List issue budget actually stage month its.
Sarah Smith,33,1000000,hendersonpatrick@example.org,B,10/1/1953,Expect mind current speech.
Rebecca Mullen,42,39928.41478,vcross@example.com,A,11/15/1996,Authority section site free allow wife.
Vanessa Park,32,-5000,matthewsmith@example.net,C,4/23/1952,Deal toward money instead society article situation.
Adam Williams,-5,77707.03121,raymond71@example.net,A,6/14/1990,Woman stand instead produce other science structure.
George Robinson,21,89228.29399,bvega@example.com,A,11/24/1990,Myself leg like main war again.
Anna Valdez,80,61695.53654,dwaynehuffman@example.org,B,2/28/1978,Friend stock then sport month score.
David Raymond,66,91113.59273,gjenkins@example.com,A,6/22/1986,Provide international decision education.
Cindy Martinez,50,42480.13708,ibarrajames@example.net,C,,Board too into size discussion cover past western.
Desiree Morse,52,73323.30385,ashley66@example.net,B,3/27/1956,Anomalous Text
Gary Orr,-5,75182.73965,,B,11/1/1972,Guy above factor police smile miss.
Wendy White,74,41132.18658,courtney97@example.com,C,8/2/1975,Stock store employee relationship manager live.
Katherine Blackwell,43,47362.28336,lisa80@example.net,C,4/19/1966,Action run term where myself rate such.
Dr. Rodney Munoz,33,-5000,kara51@example.org,A,11/27/1984,My reality scientist chair subject face memory spend.
Michael Chan,49,13458.19702,adrian87@example.net,A,1/3/1971,Anomalous Text
Andrea Conway,74,48260.60652,vincent56@example.org,A,3/7/1995,Deal for responsibility finish though dream.
Erik Vega,67,28914.21041,jacquelinerice@example.com,A,12/16/1982,Base force room where.
Julia Duarte,200,87156.30621,pdixon@example.org,D,5/5/1968,Among live eight know.
Joshua Ferguson,80,61055.67142,,C,1/23/1965,Guess station hard investment.
Tommy Martin,22,86851.6279,melvinsmith@example.com,A,6/17/1999,Sport buy seem amount poor focus like.
Anthony Harris,31,64186.4926,hooperthomas@example.org,A,9/8/1973,Beyond author officer thus social also.
Annette Garcia,50,56344.37165,jeanneholland@example.com,B,6/11/1999,Eat model market common.
Steven Hill,44,81813.62272,xavier04@example.org,B,9/20/1974,Line play cut staff have nothing who step.
Brian Maxwell,31,41385.94764,sheena53@example.org,B,12/22/1957,Accept organization drive myself effect fast understand.
Amy Green,43,62514.04012,boothjuan@example.net,B,10/14/1980,Quickly career charge treatment him.
Thomas Cantu,62,49228.17719,snowjason@example.com,B,12/6/1967,Building movement arm.
David Boone,61,60038.20037,nunezgregory@example.com,C,8/21/1983,Kitchen alone explain policy owner goal.
Jerome Townsend,51,12745.89992,denniswalker@example.net,C,3/1/1972,Quality him test surface daughter business.
Jeffery Reed,34,65812.03272,everettchristina@example.net,A,8/2/1987,Society whether system.
Diane Carpenter,38,47730.95622,brownjames@example.org,D,10/2/1973,News open region ready choose small cost.
Anthony Miller,57,11246.08771,igonzalez@example.org,C,3/2/2005,Certain culture be magazine question out.
Richard Watson,36,94491.60251,smithkimberly@example.net,C,8/25/1970,Lose year along sister author option southern.
Nicole Nelson,78,52831.45001,amybradley@example.net,C,8/5/2003,When keep sell these scientist guy property.
Kimberly Brown,62,82107.91572,joshua78@example.com,D,8/4/1992,Herself play line seek past who.
Jerry Russell,55,45901.04251,amy55@example.org,C,5/1/1953,Rest doctor population choice.
Ms. Erin Sloan,62,43945.2722,cvilla@example.com,C,12/31/1976,Room whom goal.
Jason Smith,69,54489.42089,cmason@example.com,B,7/19/1979,Nearly visit data return oil none.
Donna Alvarez,73,32798.66717,donald66@example.org,D,6/9/1991,Source according include either among activity.
Stephen Anderson,69,62356.81753,,A,4/16/1944,Anomalous Text
Kiara Fowler,70,37919.71562,collincollins@example.com,A,6/27/1955,Five decide during message.
Richard Carr,47,19767.2203,chris54@example.net,B,10/2/1949,Would lay traditional.
Nathan Whitney,35,86858.15476,shane31@example.net,D,3/4/1973,Anomalous Text
Mark Baker,67,92637.33443,jorgecastaneda@example.com,A,11/5/1949,Anomalous Text
Elizabeth Harper,24,-5000,wilsonmegan@example.org,C,9/3/2002,Forget sit energy interest.
Jesse Gentry,27,96847.58351,,A,4/27/2003,Life member pull.
Michele Watson,54,52097.60423,dixonangela@example.net,A,,Teach protect hospital consumer fish wish price.
Roy Parks,26,35447.93118,kinglee@example.org,B,3/21/1972,Anomalous Text
Tammy Aguirre,73,16013.21212,whendricks@example.org,D,5/11/1959,Guy follow cost number.
David Johnson,200,27898.25082,mcintoshelizabeth@example.com,A,9/14/1986,Sea where language Congress surface.
Shane Dominguez,71,96291.56657,steven94@example.org,C,8/5/1995,Plant size speech well.
Jason Griffith,62,-5000,ihurley@example.org,C,3/17/1984,Meeting grow continue central if.
William Gonzalez,71,25005.46373,oramirez@example.org,C,5/13/1980,Federal light himself focus.
Kimberly Jones,20,83303.72241,lisabrown@example.net,C,9/12/1978,Force see heavy five measure test.
April Montoya,30,1000000,lisa07@example.com,C,9/15/1953,Teacher participant why TV themselves.
Charles Howard,59,18609.24764,ijohnson@example.net,D,12/16/1959,Anomalous Text
Edwin Moon,36,14464.6286,youngdaniel@example.net,B,10/4/1970,Anomalous Text
Jaime Smith,23,73944.55445,mhanson@example.com,C,,Indicate set manager mean stop.
Ivan Bell,76,23900.90889,christopherblankenship@example.org,B,11/26/1972,High themselves life lose strategy.
Danielle Nelson,42,98520.98434,jerry51@example.com,B,7/17/1943,Forward country large upon language pay what.
John Ingram,66,78920.27946,sherri02@example.org,C,3/20/1963,Marriage line imagine worry clearly.
Paige Dawson,20,22086.5325,mistyjones@example.org,C,9/9/1984,Themselves seem against across next sport.
Adam Webb,19,61782.5766,franktonya@example.com,C,,Score do son sometimes standard.
Mark Norton,28,52752.93562,matthewseric@example.net,A,,Resource two begin factor.
Luis Raymond,50,31646.20297,michael91@example.org,A,9/7/2003,May why full get Republican Mrs.
Yvonne Henry,36,71301.05571,graydonald@example.com,B,4/24/1960,Reflect child free base provide artist.
Nicholas Gomez,200,47476.68884,hoganjulie@example.com,B,2/14/1984,Store without site star.
Tony Hernandez,67,92673.94432,kellyharrison@example.org,C,,From put note it bad.
Debra Cook,38,36489.44322,,A,1/15/1990,Take decide area officer.
Desiree Olson,63,-5000,stephanie80@example.org,C,11/7/1954,Staff sense material away computer knowledge.
Melinda Thornton,73,75197.71729,,B,11/14/1959,Particularly guy value participant same offer military.
Chelsey Barker,32,96973.07448,sean61@example.org,C,8/7/1997,Admit material lay various.
Allen Ortiz,67,68374.80606,kristin93@example.org,B,,Reach artist executive pick example.
Terry Farrell,65,1000000,mjackson@example.org,A,3/21/1980,Girl from involve eat.
Patricia Roberts,40,81163.95289,keithcoleman@example.org,C,10/29/1998,Among recently write people suddenly.
Cynthia Bell,52,66837.61892,mark59@example.net,C,3/25/1950,Bad market one.
Marissa Williams,200,-5000,charles35@example.org,C,2/14/1977,Final area you it.
Kimberly Ortega,55,17605.33287,orobinson@example.net,D,,Scene prevent else economy forward poor coach.
James Drake,52,74140.73664,mariarose@example.net,A,6/23/1972,Likely political amount significant.
Vanessa Thomas,75,84234.30979,edwardwilliams@example.com,B,9/1/1964,Continue on quality charge.
Kevin Lewis,45,17164.82047,judithwashington@example.org,A,11/12/1972,Third take head whole city.
Thomas Vaughn,65,97753.65496,scottelizabeth@example.com,A,4/2/1990,Film produce describe put large play realize.
Jackson Peterson,-5,87806.17844,katherine99@example.com,A,1/26/1947,Final report think yard way win night.
Michelle Hudson,67,35193.37317,bharris@example.com,B,2/10/2003,Among student tree always.
Mark Hernandez,36,26341.00319,paulmendoza@example.net,A,12/19/1989,Not ok PM.
Victoria Hobbs,62,-5000,shirley40@example.org,C,8/7/1944,Far cold other number among executive.
Melvin Delgado,44,72052.10527,howelltamara@example.net,A,7/30/1969,Dinner realize his election step suffer ball clear.
Shari Jones,41,96490.70104,taylorheidi@example.org,C,3/15/1967,Stop watch see cost much cover.
Catherine Williams,200,43836.64527,gregory89@example.org,D,2/12/2000,But arm nearly put meeting there.
Ryan Nicholson,69,77794.41929,jorgeshannon@example.net,C,9/23/1996,World dream help much.
Amy Garrett,56,93846.56658,obrown@example.net,A,9/25/1982,Early vote yeah firm.
Elizabeth Robertson,31,83256.77414,amberbrown@example.net,A,3/27/1987,Who anyone street perhaps just voice never.
Brandon Zhang,63,-5000,bill44@example.net,C,5/15/1982,Push hit stage forget loss strong line note.
Joseph Jones,28,21916.96873,marissa15@example.com,C,1/7/1967,Success receive heavy involve can region fight.
Charles Owens,65,88488.17945,,B,9/11/1953,Film check wall few third production.
Susan Brown,19,59997.6633,ericmatthews@example.com,A,,Finish true election fall animal speak.
Kyle Thompson,55,77252.8719,kaylasimpson@example.net,B,1/31/1946,Avoid do man enough.
Sarah Clark,31,58597.78125,karen08@example.com,B,2/24/1987,Training class happy minute citizen issue region.
Jennifer Collins,70,1000000,robinsonkara@example.org,C,7/24/1975,Town outside exactly.
Robert Underwood,53,35003.67555,maddoxjessica@example.com,A,9/27/1982,Room history above financial information behind.
Leah Mueller,36,10659.40335,caitlyn29@example.com,A,7/13/1991,Computer customer international stand prove.
Leslie Walker,50,1000000,olivia45@example.com,A,12/17/2000,Memory region worker administration all.
Robert Acosta,45,45688.17128,longkatherine@example.org,B,6/28/1980,Court single fine cold for.
Rebecca Anderson,26,44404.78989,lestereric@example.net,B,,Power admit help long his miss.
Brian Wallace,40,28737.04724,,D,,Training trip relationship site tell party.
Parker Lopez,40,48283.68892,wendy28@example.org,C,6/16/1947,Including before per community Republican information.
Daniel Hensley,22,21912.38767,randy67@example.net,A,6/17/1981,Matter news wife save.
Michael Harvey,60,54087.7814,,D,6/17/1980,History service them everyone.
Amanda Davis,73,89606.00935,,A,9/25/1968,When forward study possible also.
Erin Clark,51,70901.68299,,C,1/7/1977,Anomalous Text
Danny Kline,67,88754.05103,gfry@example.org,A,3/5/1963,Popular quite here.
Frank Brooks,30,78425.14396,garrettstevens@example.net,A,4/2/1994,Land necessary catch house loss around.
Kevin Miller,200,79653.71917,chris41@example.com,A,7/15/1950,Send shoulder spend necessary.
Joe Smith,-5,37475.72493,johnstonrichard@example.com,A,11/6/1960,Open drive Mr summer life offer ago clear.
Kristen Campbell,-5,47509.67707,smithcaleb@example.net,A,2/13/1988,But Mr whom analysis.
Dale Burch,32,12886.60898,petersonjoshua@example.net,B,9/24/1966,Peace bed major up without.
Sarah Miller,29,63576.66907,christinawilliams@example.net,A,8/25/2005,Expect make property these clear.
Joann Ray,26,18445.38241,operez@example.net,A,10/10/1984,Know friend realize we threat tough.
Melanie Fischer,150,44445.6723,jessica79@example.com,C,1/23/1974,Police Mr itself forward building.
Theresa Glenn,76,16008.00701,cking@example.org,B,6/5/1966,Anomalous Text
Darren Wilkerson,150,27871.52225,emilyballard@example.org,A,6/14/1954,She nothing then sort.
Robert Anderson,53,96092.68772,steven30@example.com,A,12/18/1975,Should change morning baby group newspaper.
Michael Mason,52,71580.58776,anthonysosa@example.org,C,7/31/1993,Natural lose a future.
Todd Dean,76,43259.96316,jenniferbailey@example.net,A,,Capital peace child total matter.
Amanda Brown,74,69441.94,srogers@example.org,D,12/10/1990,Full those trial method.
John Castaneda,58,25985.07921,sonyamanning@example.com,A,8/12/1963,Himself ground quality but.
Brittney Clark,31,48050.21373,,A,8/9/1976,Some together red consider.
Michael Lester,80,33067.66701,emilywalker@example.com,C,12/13/1975,Force person focus human discuss bring.
Karl Moore,66,39392.04642,pamelawalters@example.com,B,9/29/1969,Firm animal body each build.
Anthony Bates,40,-5000,howardkim@example.org,B,10/18/1964,Anomalous Text
Shannon Austin,58,82263.83709,sharonsantiago@example.org,A,1/6/1980,Happen nature morning study least.
Cindy Watson,-5,39855.33821,pattersonwendy@example.org,A,4/19/1974,In among policy new statement later business.
Brandon Mcpherson,48,1000000,laurie40@example.org,B,4/13/1995,Likely simply thing TV friend including some garden.
Dr. Tamara Willis,75,69057.33163,russellheather@example.com,A,5/9/2005,Within morning serve do meet great.
Travis Lawson,68,13525.00777,kristina09@example.org,B,3/19/1965,Gas different street.
Michael Curtis,150,54495.5309,krivera@example.com,A,5/27/1969,Behavior kid discussion finish.
Jason Smith,44,43257.4414,llawson@example.org,C,,Economic worker call war.
Lisa Parker,37,90773.18114,cindybooker@example.org,B,11/21/1961,Anomalous Text
Kenneth Rivas,-5,28296.47891,jessica29@example.org,B,4/26/2000,Himself white difficult find address admit.
Bianca Mcdonald,76,80656.22962,paulanthony@example.com,C,6/18/1981,Particular which red soldier government.
Emily Leach,44,98884.20799,jessicadunn@example.com,B,12/25/1960,Thus clear commercial somebody a fly trade appear.
Jordan Gardner,23,24559.79666,ybaird@example.com,A,2/16/1981,Rather card increase cell project reality place.
Lori Kennedy,22,25185.10131,duncandenise@example.net,C,5/31/1964,East summer apply reduce theory.
Kimberly Stone,31,32805.01735,,A,4/28/1977,Difference believe sing weight safe.
Sandra Rice,22,78461.89575,destinyfranklin@example.org,C,2/23/1999,Investment bit world commercial ever.
Paul Rodriguez,69,33663.19226,duncancorey@example.com,B,8/31/1973,Language finish garden TV.
Amy Clark,56,69103.23065,danafinley@example.org,A,12/18/1975,Sport occur soon.
Nathan Edwards,47,99657.3945,allen83@example.org,C,2/13/1944,Those political factor always weight.
Stacey Cunningham,20,14070.56349,danielingram@example.net,B,1/5/1982,Them day suggest focus discussion relationship.
Lydia Sweeney,50,85391.89273,gchandler@example.net,C,2/1/1976,Factor recently stay clear.
John Terrell,74,26779.81553,hensleyallen@example.com,C,8/27/1945,Loss author easy notice trade say.
Beth Davis,31,64169.12463,ellislisa@example.com,B,8/11/1972,Popular quite your less.
James Hernandez,37,47300.51492,dsharp@example.com,B,,Bed main street drop whom nice.
Lauren Woods,65,20346.56129,warrenjennifer@example.net,C,6/29/1979,About race community edge billion popular own.
Michael Jordan,37,38572.87337,elliottconnie@example.org,C,8/12/1958,Hold field these style great.
Taylor Salinas,43,99275.0973,chughes@example.net,C,4/4/1979,Now send fast walk church.
Angela Wolfe,78,36035.11364,zdunn@example.net,B,2/25/1950,Whether east life top star personal show.
Kimberly Jones,53,1000000,rbennett@example.com,A,9/18/1946,Learn specific hold eat.
Shawn Frank,78,43656.0571,caseymarilyn@example.net,D,7/16/1969,Season central student according system.
Michael Morton,25,47209.90033,droberson@example.org,A,,Large force set bring plant.
Frederick Carlson,200,30333.32341,andreafowler@example.net,C,11/27/1982,Base until add two goal know skin.
Ryan Donovan,55,-5000,danielclay@example.org,C,3/5/1956,It claim decade along worry Mr.
Carolyn Downs,200,52387.05403,justinperez@example.com,B,12/6/1988,Benefit cost address house kitchen.
Jose Howard,62,49959.40764,dwayne32@example.org,B,7/8/1980,Spend fill policy maybe politics sort economic.
Samantha Miller,26,88590.36863,,A,7/18/1988,Economy thus third worker someone only many month.
John Murphy,62,61922.0293,,C,6/21/1969,Measure majority sea song federal.
Mr. Joseph Camacho,45,30981.71607,gutierrezlauren@example.org,B,6/17/1980,Anomalous Text
Kenneth Brooks,49,98157.16828,stephen46@example.org,A,5/7/1996,Let rock increase low source.
Amanda Gonzalez,200,17350.16099,manuelchang@example.com,C,6/21/1952,Tend call partner.
Zachary Jackson,38,14928.92651,scott27@example.org,C,8/10/1981,Last local win thought.
Wendy Shaw,66,56672.66163,xrichardson@example.net,B,,Husband section senior forget a free.
Alex Espinoza MD,34,77967.92287,wwaters@example.org,A,,Here expert system month animal machine Republican.
Evan Stephens,79,16433.82772,churcheddie@example.org,A,3/25/1950,Carry sign machine third middle.
Michael Luna,44,75869.85351,,B,9/18/2000,Else course player himself with.
Tiffany Barr,79,10756.04666,ubutler@example.net,C,5/15/1944,Bag man many feeling spend.
Lori Bailey,36,33340.26685,stephenbailey@example.org,A,3/28/1953,Eight machine green modern deal newspaper way.
Jeffrey Warren,74,24539.21725,werneradam@example.org,B,1/23/1985,Anomalous Text
Steven Walker,20,26363.25122,dwilliams@example.net,A,8/28/1992,Town box why worker tough court million.
Erin James,58,56779.53073,tylermartin@example.com,A,11/4/1974,Attention trouble break large rest.
Miguel Smith,25,44205.19038,,D,4/20/1948,Top street blue accept.
Jacob Lawrence,36,92391.61506,nrowe@example.org,B,,Physical discuss establish interesting even under they.
Justin Kelly,200,90840.80282,brian93@example.com,B,,Budget rule plan like.
Robert Blanchard,44,96693.90998,fmckinney@example.org,B,,Sing many myself into material government.
Roger Buckley,46,1000000,,B,,Fear shoulder able with.
Shelia Ruiz,-5,10894.56832,hwright@example.net,A,10/16/1948,Seem their share industry write ever.
Richard Herrera,46,45721.38566,shelbydavis@example.com,C,2/5/1983,Easy high agree class.
Anthony Ibarra,65,13113.13661,franklinjeremy@example.com,B,5/26/1980,Attorney partner sea our north star.
Whitney Sharp,41,15151.42669,,A,8/16/2003,Newspaper quality record animal executive early.
Lauren Lee,72,79481.21326,hayesbenjamin@example.com,C,12/20/1959,Bed floor from dark old.
Jerry Howell,21,46191.41525,slynch@example.net,A,8/23/1982,Anomalous Text
Jason Alexander,55,-5000,sclark@example.org,A,1/7/2000,Happy hospital blood recent cost.
Joseph Olson,66,32415.96691,wbanks@example.org,D,6/5/1954,Enjoy it tend industry.
David King,28,51878.38043,kathleenbishop@example.net,B,12/15/1996,Main common owner town great.
Carla Reid,34,44071.35008,patricia72@example.com,A,7/20/1959,Anomalous Text
Dustin Jones,25,87887.02048,christopher80@example.org,B,12/7/1993,Technology sea marriage.
Crystal Beltran,41,23456.45385,audreydavila@example.org,A,2/19/1949,Dog community choice project.
Dana Benitez,19,80057.76283,jamiewarner@example.net,C,7/28/1944,Debate war action thus fear serious skin.
Edward Owen,27,99302.50374,richzachary@example.org,A,8/25/1978,Try style land build institution senior why.
Dillon Garrison,22,93618.47259,tara85@example.org,B,6/6/1965,Anomalous Text
Jacqueline Rivera,61,27794.01146,denisehill@example.org,A,2/27/2002,Assume hair send whatever worker.
Tina Cooper,42,88390.89074,jennifer37@example.net,C,3/22/1982,Dark different her gun card under interest.
Jared Gray,64,12709.00974,gabriellehodges@example.net,A,6/26/2003,Expect class plan threat carry color night.
Erica Hayes,58,39029.73115,victoria30@example.net,A,8/6/1955,Evening race cup dark.
William Pope,50,30534.5082,jacksonjustin@example.org,C,10/12/1984,Anomalous Text
Martha Bush,52,44961.55431,sandovalkelly@example.org,A,10/29/1967,Bank want wind rate thousand street check scientist.
Karen Rose,65,29811.72482,michaelhuffman@example.com,D,10/9/1957,Option able knowledge box will hope mission.
Laura Stevens,59,31752.04481,matthewwright@example.net,A,2/19/2004,Anything decision experience.
Amanda Gordon,27,58399.25551,,A,2/2/1961,Anomalous Text
Megan Holmes,19,61947.62076,angela19@example.com,C,4/28/1971,I goal Congress rise spring.
Danielle Johnson,48,46457.12138,baldwinjill@example.net,C,7/30/2000,Bill show product increase someone.
Glenda Ferrell,61,87515.40116,arthurrobinson@example.com,A,3/10/1987,Huge involve some let design.
Brian Jordan,78,59527.46763,,C,12/17/1968,Popular age whether face toward close loss authority.
Michael Fox,22,65003.67397,jessebailey@example.com,D,4/10/1971,Anomalous Text
Joseph Gomez,61,94939.62638,tammyjenkins@example.net,D,3/28/1971,Anomalous Text
Joy Williams,45,57981.32025,,A,12/11/1992,Onto always bed phone.
Jessica Henderson,56,85431.77058,kevinwatson@example.org,C,1/23/1970,Must less despite thus.
Debra Spencer,-5,54336.2717,andrewpollard@example.org,A,10/26/1960,Conference forget smile team.
Tracy Parsons,46,12700.92729,harrisonmarcia@example.net,C,3/26/1980,Wall friend no car budget home.
Sarah Baker,43,50207.1673,paynekristina@example.net,A,6/17/1971,Health capital since head foot.
Nicholas Jackson,71,76672.53793,bdunlap@example.net,A,2/6/1975,Recently only including region.
Jesse Baker MD,23,54309.25024,deniseshelton@example.org,C,9/15/1945,Tonight question write least ask.
William Riddle,35,22087.36789,zwaters@example.com,C,3/18/1990,Message institution dark whose.
Jose Gonzalez,64,63161.8576,annapreston@example.net,C,4/25/2003,Doctor recognize bill easy.
Mrs. Kristin Bishop,37,46196.22073,davisjennifer@example.com,B,3/15/2000,Collection throughout threat into despite lawyer.
Alexander Elliott,59,13292.87807,sbranch@example.net,A,2/25/1974,Rate paper leave two over.
Elizabeth Herrera,36,92671.0899,markgillespie@example.com,D,10/2/1998,Mrs fast draw act article left reality.
Phillip Garcia,42,-5000,arodriguez@example.net,A,10/21/1976,Such thought hear according more perhaps customer.
James Gutierrez,18,89324.29447,warrenjoe@example.com,B,12/23/1952,Low contain admit.
Marcia Bender,58,77375.49749,ehunt@example.net,A,3/18/2005,Number sense knowledge marriage three course perform.
Gary Cook,62,88204.96362,jordandrew@example.net,A,8/12/2003,Anomalous Text
Christina Young,41,13031.47442,lawrencegary@example.org,D,6/14/1947,Consumer sound president clearly artist.
Katherine Nunez,70,-5000,joshuarichards@example.net,C,12/29/1965,Anomalous Text
Mary Knapp,44,88309.05466,rogersstephanie@example.net,B,10/17/1974,Defense of suddenly condition.
Kristi Jones,26,93603.09266,desireegomez@example.org,C,7/5/2002,Letter talk cultural.
Mr. Clifford Hancock,71,88717.2611,tholmes@example.net,A,4/18/1989,Computer political exist.
Joshua Castillo,31,23036.98162,michaeldawson@example.com,B,8/13/1965,Country authority fight question quality may economy theory.
Ronald Joyce,62,71001.36219,davidvasquez@example.com,B,4/23/1975,Television service once simply.
Amanda Walker,73,50514.04301,xalvarez@example.net,D,12/28/1946,Fine speak PM great themselves maintain reality.
Ryan Cooper,48,73188.20713,mwhite@example.net,A,12/9/1947,Movie listen without from exactly.
Larry Cochran,47,63934.95618,karen41@example.net,C,6/22/1975,Program gas lose.
Angela Scott,24,61886.43103,sross@example.net,B,11/3/1955,Account campaign generation part sit western sign.
Emily Richardson,30,27046.69501,heatherguerra@example.net,C,11/5/1978,Actually resource detail worry old.
Brady Campbell,22,16154.54476,rileychristopher@example.com,A,11/2/1980,Month water animal increase.
Curtis Smith,66,71157.34912,johnwilliams@example.net,C,8/7/1985,Full away that environmental card.
Derek Pacheco,37,89051.07199,cgrant@example.net,C,11/13/1969,Hair recently none north price.
Brian Bailey,65,83747.88877,natalie95@example.net,C,10/10/1990,Adult will house ground theory simple.
Lisa Kirk,66,63958.11768,wesleywilliams@example.org,B,4/22/1960,Write box he worker stage five big.
Sarah Guzman,69,25507.15202,nelsonthomas@example.com,C,12/1/1967,Help air make star base.
Amy Schroeder,23,83618.64973,karen21@example.org,D,3/15/1944,Improve professional also side least.
Stephen Booker,33,21130.86863,,A,5/27/1970,Table because significant blood along more capital.
Albert Stout,61,23227.48421,hannahhudson@example.net,A,7/5/1968,Professor red out son yet response behind.
Deborah Buchanan,46,73751.14121,figueroamakayla@example.org,B,12/2/2001,Seven stage cost pretty professor allow onto.
Christina Cameron,33,46491.95947,tim86@example.com,C,8/27/1985,First develop page most.
Michael Smith,58,16435.68884,johnsonvictoria@example.com,C,4/2/1986,Admit positive organization either measure person bed local.
Samuel Morgan,-5,-5000,williammitchell@example.com,A,3/5/1945,Baby beyond although four drop.
Jeffrey Mills,59,35450.4879,wallacekimberly@example.com,C,4/2/1978,Ask relationship finally kind little film unit.
Yolanda Parker,66,55667.06195,stephanielowery@example.com,C,11/11/1992,Nice direction do throughout play business subject.
Kelly Wilson,72,37035.51066,tmartinez@example.org,C,12/22/2003,Anomalous Text
Keith Schneider,58,78026.42041,barnesbrian@example.org,B,,Early assume finish white Mr line.
Samantha Guerrero,54,50737.33866,travis31@example.net,B,6/6/1963,Must concern soon good husband size.
Joy Nguyen,58,77183.04587,rhaynes@example.org,B,8/1/1957,Anomalous Text
Brenda Lewis,76,24156.04791,mcintoshtara@example.org,D,2/28/1977,Anomalous Text
Cathy Carrillo,53,72193.68903,jeremy13@example.com,D,9/10/2005,Want bank support this economy.
Kyle Norris,75,12038.88966,ricekelsey@example.net,C,9/26/1983,Together something whatever describe rise use.
Christopher Barber,77,98927.1598,jamesyoung@example.com,A,5/2/2004,Month treat behavior education figure station.
Maureen Bell,71,50071.91005,brendansmith@example.com,B,9/11/1986,Interview start TV pretty process year.
Heidi Contreras,76,69708.78535,jibarra@example.org,A,10/7/1973,Foot total language parent her back during health.
Michael Perez,200,20398.18261,dcraig@example.org,C,10/18/1997,Investment in yeah politics too white.
Sharon Clark,32,68979.79693,dixonsusan@example.net,B,2/19/1973,Guess mother sure car.
Justin Frank,18,-5000,ashley29@example.net,B,11/30/1997,Cost unit serious name thank.
Daniel Roach,150,34933.47551,jeremysmith@example.com,C,2/4/1947,Seven near choice think media.
Samuel James,19,39673.521,allenjeremy@example.net,B,10/12/1981,North audience well under health.
Catherine Pearson,150,66221.4215,,C,12/23/1999,Also particularly throughout protect.
Phillip Jimenez,42,68370.42855,vclark@example.com,A,9/10/1962,Anomalous Text
Jennifer Bell,200,33703.97495,shawnwalker@example.net,D,8/26/1989,Knowledge result face.
Justin Freeman DDS,30,22152.00803,nathan04@example.org,D,9/24/1981,Million difference be difficult year hold leave.
Craig Harris,77,1000000,,A,8/19/1968,Nation machine learn strong old.
Michelle Davis,70,76427.50458,gloverkim@example.org,B,2/4/1982,Door fall stage walk rock.
Barbara Gonzalez,48,70073.47182,angelazimmerman@example.net,C,3/2/2005,Anomalous Text
Daniel Hernandez,79,29283.08297,etaylor@example.org,D,5/29/1986,Draw especially military like wide approach sea.
Alexander Tyler,64,13011.76342,scottjoseph@example.net,C,10/29/1964,Reveal they civil thought lose full sea return.
Raymond Flores,31,95015.07814,ryan33@example.org,A,11/27/1961,Sister month the feel.
Eric Graves,26,34614.35399,collinsmichael@example.org,A,5/13/1958,Draw night along rule street agree.
Joseph Valdez,18,92513.88028,riddlejulia@example.net,B,11/8/1989,School kid me hard along dream.
Janet Cline,61,69801.07203,joshua56@example.net,A,1/18/1983,Box simple example learn specific.
Linda Kramer,44,39501.96712,boydmargaret@example.org,C,2/2/2003,Each writer certainly site him truth money.
Alejandra Day,26,17866.42103,denniscastro@example.com,C,9/16/2001,This indeed subject high international Mr.
Linda Hicks,37,28106.26633,watkinsmaria@example.com,C,3/29/1970,Anomalous Text
Sara Johnson,48,50664.53681,owenscrystal@example.org,C,2/9/1962,Pretty education avoid use instead his speak.
William Ramsey,73,48857.24655,justinford@example.org,C,6/5/1945,Bad life race practice mean remain yet.
Chad Russell,76,87544.19146,reyesvalerie@example.org,B,,Small where pull lot.
James Haynes,52,-5000,,C,2/23/1945,Sport move wrong push hope expert.
Jonathan Garrett,23,52351.64332,,A,7/17/1996,Anomalous Text
Christopher West,21,27881.04619,joshua59@example.net,B,6/18/1944,Effect ground energy.
April Hull,46,59167.48279,roberttaylor@example.net,B,9/12/1980,Discussion game those listen.
Taylor Santana,60,25235.36659,bradley40@example.net,D,,Chair ask material oil national.
Robert Miller,52,77726.81024,hernandezbrenda@example.org,C,6/25/1961,Network talk all your be.
Kristen Sullivan,69,44359.73448,stephaniecollins@example.net,A,5/26/1943,Approach explain great threat unit safe behind.
Wendy James,38,36870.6995,breanna37@example.org,C,3/19/1945,Body east artist glass TV less debate.
Chelsea Mathews,28,57718.89206,alvarezjames@example.net,C,6/18/1998,Six design minute.
Mary Anderson,-5,63849.13217,cnguyen@example.org,A,3/14/1983,Full keep its clearly size.
Matthew Willis,72,16897.65249,cobbandrew@example.org,A,2/2/1990,Teacher international able tonight he win feel.
Eric Wright,59,51930.7783,grantphilip@example.com,B,,Some rich operation none say real.
Herbert Murray,65,66893.28982,keith03@example.org,C,6/17/1962,Should skill far light development less.
David Best,43,26646.53512,matthewmartinez@example.org,C,11/16/1996,Ability several a citizen gas start.
Donna Dunn,77,61598.89227,georgenatalie@example.com,B,,Anomalous Text
Zachary Mendoza,-5,60583.44838,nguyenkaren@example.org,B,5/21/1993,Region bag party side century.
Terry Swanson,47,-5000,xcontreras@example.com,C,4/6/1945,First community available be treatment throw.
Stacey Long,51,54497.63593,megansmith@example.net,B,4/24/1964,Bill if figure fear continue seek fish.
Eric Cooper,68,97458.13867,andrewscharles@example.net,C,,Customer huge vote degree may respond.
Wesley Howe,26,98979.59226,garciamichelle@example.org,B,4/5/2004,Soldier fly population son different mission tonight.
Shelia Davis,32,17688.87255,joannapeters@example.net,C,6/2/1961,Card throw such field after car commercial.
Jose Kent,80,-5000,davislisa@example.net,A,4/28/1967,Power mission industry interesting exactly.
Dr. Jennifer Myers,45,29424.91753,denisefrench@example.org,B,12/20/1974,Let remember test despite face.
Kelli Bradley,76,75653.50524,jeffrey55@example.com,A,7/12/1994,Anomalous Text
James Williams,27,20429.1189,tguzman@example.net,B,3/18/1989,Believe visit wonder.
Ernest Wells,200,85255.824,rebeccakeith@example.org,B,3/13/1949,Character teacher capital.
Jill Scott,26,94664.11624,hannah50@example.net,A,3/1/1953,Need community own value Democrat agreement cut project.
John Bailey,30,27783.63882,sacosta@example.org,A,3/26/1965,Dinner rate increase have their beyond standard.
William Campos,21,12178.82693,fjoyce@example.com,C,12/16/1996,Simple interesting author various finish prove increase.
Lance Holt,26,47830.21841,,D,8/22/2004,Ask Democrat end.
Shannon Kennedy,62,1000000,kellykristine@example.org,B,8/10/1978,Decide wear wear chance.
Amber Griffith MD,37,53851.44405,,B,10/5/1960,Case even glass over.
David Moore,47,1000000,jasonbishop@example.net,C,10/11/1979,Rich company chance remain.
Lauren Nichols,24,34186.42153,michael09@example.org,A,11/29/1989,Money north building hit enjoy very.
Michael Martinez,200,94320.05557,gregorywalker@example.net,B,6/4/1976,Shoulder size across kitchen learn spend.
Paul Alexander,73,21265.38127,james67@example.com,B,12/14/1974,Remain network body believe be.
Melissa House,42,82686.47176,carpenteranthony@example.org,C,6/10/2003,Anomalous Text
Jared Murphy,30,66079.27431,lisa25@example.org,A,9/8/2005,Produce wall board present standard perhaps.
Dr. Terri Murphy,77,54743.92308,wellsmichelle@example.org,D,12/3/1997,Series cause him guess front carry American.
Nicholas Watson,28,37341.84084,coxcody@example.com,A,10/1/1953,Write next deep model police.
Frank Owens,-5,98970.23304,herringstanley@example.net,A,8/2/2001,Lawyer too yet entire produce team lose glass.
Joshua Shepherd,47,48111.04033,myerswilliam@example.org,B,12/24/1946,Open south political early run history.
Robert Wright,70,26038.10634,etapia@example.com,C,2/25/1982,Away beyond establish.
Sandra Dunn,28,22671.97207,richard58@example.com,B,3/3/1944,Than democratic kitchen he military.
Christine Wilson,53,76235.28986,nkelly@example.com,A,10/27/1983,Beyond suggest trouble ten board.
Kathleen Martinez,69,60601.07701,bennettcarlos@example.org,B,8/26/1948,So college fast ahead affect wind.
Shelby Cameron,54,55320.9154,robertsangela@example.com,C,9/4/1944,Anomalous Text
Vanessa Sanchez,76,-5000,nancy46@example.net,A,5/30/1990,Real south nature plan glass.
Tanner Parker,200,32366.66166,mayerapril@example.com,A,,Hit four evening nice spring ten.
Mary Lopez,60,83175.25933,fortiz@example.org,C,12/30/2002,Maybe single east good art billion type.
Debra Peck,58,36565.3914,monique90@example.com,D,1/4/1968,Plan also forget stand position peace.
John Gomez,59,95694.39613,james73@example.org,C,5/26/1944,Shoulder pattern evidence firm two.
Philip Roberts,22,65122.75423,larry51@example.com,B,5/19/2000,Money send sign laugh high population strong note.
Jacqueline Alvarado,-5,53855.31663,brittanypowell@example.net,A,3/2/1991,City professional sign.
Nicole Chaney DDS,76,1000000,,A,4/29/1947,Of rich agent continue particularly window while wall.
Jessica Schroeder,35,1000000,rhonda91@example.com,C,7/19/1990,Little top beat bank put lot own.
Christina Yoder,48,19456.36797,djackson@example.com,B,3/14/1972,Anomalous Text
Stacy Miller,36,91702.71902,fwagner@example.com,C,6/5/1964,By message staff data which.
Rachel Rodriguez,54,55658.3541,david91@example.com,A,2/29/1996,Life sign industry long involve beyond.
Daniel Blackwell,53,42482.62054,danielwebb@example.org,B,2/27/1963,Training shake keep half try former.
Nicholas Simmons,33,19754.43547,agomez@example.org,B,3/7/1958,Between again throw million again during.
Jeffrey Hernandez,64,33384.43968,,C,10/23/1966,Structure nearly article baby main state carry.
Paul Griffin,31,12447.82052,christy99@example.com,A,2/24/1951,Bar show send traditional later relate answer why.
Nathan Pennington,55,36557.9813,cochranlaura@example.com,B,3/31/1980,Else plan rich citizen available.
Paige Howe,30,82982.22568,santanajennifer@example.com,C,10/13/1964,True just your child off final.
Jonathon Mckee,39,-5000,sglover@example.org,A,5/11/2001,Growth manage car seem huge toward.
Holly Henderson,150,89392.56482,wongmichael@example.com,C,12/15/1994,Fund good even former loss.
Michael Kemp,76,-5000,leviolson@example.net,D,7/25/1983,Close care stop condition.
Amanda Smith,19,85333.2235,howardstacey@example.com,C,6/12/1974,Country each more manage performance lot.
Misty Mcpherson,30,97839.18529,kcardenas@example.net,B,1/15/1953,Foreign strong teacher morning activity rate myself.
Matthew Horton,73,54140.38697,davisstacy@example.org,B,6/30/1957,Western sport mother reflect actually.
Kelly Hernandez,50,63170.56454,matthewpotts@example.net,A,6/28/1990,Condition western magazine build per window.
Victoria Boyd,45,22948.38551,,A,7/3/1952,Peace white process mother black case.
Tracy Cruz,-5,84215.41157,icampbell@example.com,A,,Care foreign whether explain report early wrong.
Alexis Kelly,41,82704.15948,lori48@example.org,A,1/20/1968,Network usually price Mr.
Sabrina Montes,200,16422.64372,isabella31@example.org,B,2/12/1963,Way democratic east energy.
Mackenzie Martin,58,73487.13069,deniseblanchard@example.com,A,2/22/1983,Month or police effort and than.
Frank Blair,21,38559.95405,bryannguyen@example.org,C,,Party return institution onto young country most.
Kimberly Bradley,31,32246.98228,ashleylutz@example.com,C,7/11/1948,Whole break even their.
Randy Mahoney,47,55262.22978,derek44@example.org,D,3/22/1977,Man later center whose.
Michael Mitchell,22,96503.10541,rebecca10@example.com,D,6/5/1990,Current item perform past appear office.
William Marshall,20,11781.4191,jenniferwarren@example.org,A,9/2/1984,Your environment until.
Rebecca Davis,19,92085.09719,thomasfitzpatrick@example.com,B,12/1/1979,For church computer charge.
Anthony Huber,33,17156.68956,xbaker@example.net,C,4/29/1965,Organization sound keep grow tax process.
Nicholas Schultz,20,55946.17891,rebecca60@example.com,B,10/2/1976,Opportunity another upon animal upon stuff fact.
Karen Ward,60,45094.27782,bsalazar@example.net,C,5/3/1958,Anomalous Text
William Hicks,200,65257.70037,spencerbruce@example.net,A,1/20/1951,Move which medical relate suddenly customer meeting.
Melody Adams,72,70129.15769,hrodriguez@example.org,B,12/12/1975,Sea opportunity car check evidence impact family.
Brandon Richardson,26,88828.8858,rward@example.net,C,2/13/1979,Item movie indicate early respond lawyer coach.
Roger Jenkins,57,32053.48748,,B,2/8/1966,Nice trade along beautiful big.
Robert Warren,71,28939.7593,,B,9/26/1943,Eye statement today system.
Brooke Harris,28,41987.72156,bakerchristopher@example.net,C,,Result season which eye choice.
Jennifer Simmons,65,54467.20133,cynthia79@example.org,D,2/12/1982,Anomalous Text
Steven Hill,57,35999.77455,elaineburton@example.org,D,10/21/1975,Tv debate everyone message.
John Love,65,66003.24349,nicole30@example.com,B,,Amount key simple power key model.
Cody Martin,44,91967.48199,,A,,Future majority attention might.
Laurie Cooper,19,76625.14822,,A,3/17/1974,Lawyer not reveal particularly.
Katie Phillips,53,81975.73052,,B,9/12/2003,Reach simple language performance bank data.
Melanie Hill,61,57607.2481,harmonelizabeth@example.net,C,6/24/1963,Interest hospital upon increase.
Crystal Guzman,20,99235.18109,cortiz@example.com,C,10/9/1964,Thing daughter own enter response tough both.
Charles Hines,-5,55166.90252,lopezandrew@example.com,A,12/27/1960,Voice whether industry politics community next American onto.
Christopher Klein,75,20615.40511,michael87@example.org,C,9/11/1976,Anomalous Text
Anthony Cobb DDS,36,-5000,millerjoseph@example.net,C,7/9/1968,Anomalous Text
Derrick Lewis,78,1000000,gonzalezwilliam@example.org,C,5/9/1955,Magazine recent likely look.
Tamara Serrano,66,-5000,tclements@example.com,B,12/22/2001,Man truth why rest.
Rose Long,63,1000000,markmcbride@example.com,C,,Anomalous Text
Robert Cruz,53,1000000,mfrey@example.com,C,3/11/2002,Society stop some power you.
Mary Guzman,61,47933.66635,erodriguez@example.net,A,,Easy buy building simply section into trip.
Caroline Sellers,28,31203.13495,judith98@example.org,C,3/16/1961,Behavior together guess between who store challenge.
Ronald Martin,37,99375.04069,garciaphillip@example.com,C,12/10/2002,Anomalous Text
Tammy Wilson,54,14326.51045,cardenassusan@example.net,C,1/27/1987,Exist purpose none capital everybody president.
Elizabeth Clay,200,92415.16556,ngreer@example.org,C,5/17/1978,Common white race finally everything.
Brian Kim,78,14470.99133,kristen05@example.net,B,4/13/1949,Address mention represent give onto medical figure.
Rhonda Church,19,73664.96057,edwardsjennifer@example.com,B,5/29/1991,Clearly bank part knowledge hotel major my.
Jamie Parker,54,35619.94451,kjohnson@example.org,B,6/22/1946,Firm far value adult understand.
Jessica Knight,20,31196.76528,,B,7/30/1992,Candidate management these technology.
Andrea Porter,78,11516.02508,lawrencewilson@example.org,A,3/18/1976,First itself series seven.
Allen Williams,32,39604.17892,floressarah@example.net,C,,Me she so market really more.
Danny Simon,65,10018.82606,lindsaymathis@example.org,B,11/16/1961,Network then place attorney state anyone.
Kara Valdez,40,35214.29856,whitestephanie@example.net,C,5/24/1982,Movement reason third clear.
Michelle Simon,75,43968.07806,melanie91@example.com,B,1/6/1950,One energy score offer avoid reflect.
Sandra Mccall,31,89307.95093,emaxwell@example.org,B,9/30/1962,Week PM lose first.
Rachel Rowland,72,64204.46575,mthomas@example.net,B,4/3/1975,Voice tax meeting explain step stay so direction.
Sean Barnes,52,55960.42538,spatel@example.net,D,1/19/1970,Bill example third tonight around support.
Jennifer Montgomery,47,42588.17171,hamiltonkrista@example.net,A,1/28/1955,Anomalous Text
Erik Martin,30,46575.35354,nicholaslawrence@example.org,A,12/29/1952,Finish country road world choice seat section range.
Marie Carr,44,10236.0118,bfisher@example.net,B,,Return child official it.
Jeremy Harris,55,63577.42421,john73@example.com,C,7/18/2001,Vote film major production course.
Steven Newman,44,73179.10388,alison63@example.net,B,,Possible when season ever various condition again feel.
Albert Edwards,65,95064.25592,patrickwebb@example.net,B,1/5/1945,Build final side factor student focus first.
Lacey Stark,64,35367.10441,carmenward@example.net,B,,Clear response PM among yeah second lay.
Ashley Thomas,33,14435.21406,joshua96@example.com,C,9/12/2002,Anomalous Text
Sharon Thomas,21,69743.98576,,B,2/14/1959,Specific create agency she detail concern part.
Joseph Beasley,68,-5000,chapmansarah@example.net,B,12/16/1942,Anomalous Text
Leslie Lee,24,12238.12215,steven07@example.org,D,8/22/1956,Office hear drive spring and.
Lisa Stewart,28,23813.48391,ubarker@example.org,A,7/5/1947,Ground trade use report down big.
Paula Robinson,24,53253.87479,thomasbrown@example.com,C,,Blood actually summer church offer majority.
Danielle Rice,34,93073.98845,brianle@example.org,B,2/15/2003,Modern them treatment day as.
Andrew White,44,77336.93734,natashabrown@example.com,B,11/7/1980,Federal answer clear concern.
Kristin Espinoza,45,99410.70115,shawnmitchell@example.net,A,7/27/1970,Anomalous Text
Michael Smith,37,-5000,vrichards@example.org,A,5/6/1959,Watch law discussion PM these.
John Ryan,53,-5000,timothyhenderson@example.org,C,4/12/1965,Attention sense type can material bar.
Andrew Roman,76,65597.87586,daniel72@example.net,A,1/18/1945,Speak must low three edge.
Julie Bolton,74,86901.59002,mark78@example.net,A,10/18/1984,Maybe hotel save less.
Sandra Medina,35,20435.32976,alishamitchell@example.org,C,12/30/1960,Look rate day the once worker.
Ryan Maldonado,80,28847.27025,qdecker@example.net,C,11/2/1950,Especially his protect still.
Sheila Harris,63,84900.27168,isimmons@example.org,A,9/25/1978,Though both outside son.
Anthony Sweeney,200,71808.64128,lori53@example.org,A,3/6/1958,Note between natural exist plant while election win.
Amy Moran,63,59885.20917,clarkjoseph@example.com,C,1/9/1987,Field might stand staff need.
Rebecca Blanchard,23,56656.36774,xjackson@example.net,B,10/7/1947,Around five property clear full result.
Donald Rios,57,63507.168,jamesgoodman@example.org,B,10/11/1986,Difference by fire record.
Jill Mckee,18,81459.8094,zwells@example.org,A,10/15/1955,Above whom doctor today section themselves environment.
Stephen Barr,54,67032.71009,changmatthew@example.net,A,1/15/2003,Throw because certain.
Andrew Davenport,200,96319.26145,christopher05@example.com,B,9/15/1965,Art debate language cover into key.
Lynn Foster,80,1000000,eric62@example.net,B,11/6/1983,Product true everyone method cause try.
Charles Cooper,27,56378.98915,donnaramirez@example.net,C,3/22/1977,Particularly instead century off.
Kenneth Tucker,-5,-5000,hernandezjeremy@example.org,A,5/12/1969,Image woman example throughout control go.
Nicholas Johnson,23,56054.59428,debbietucker@example.net,A,11/20/1961,No yard letter house bag event.
Jacqueline Hammond,150,99736.42496,robertadams@example.org,C,3/11/1957,World without across.
Tanya Charles,54,79006.17195,connor90@example.net,B,7/23/1996,Accept send group idea series you.
James Mendoza,75,50767.36174,haydensmith@example.org,B,6/19/1957,Fast career rich visit.
Debra Barnes,58,1000000,christopherstewart@example.net,A,9/10/1943,Sport certainly create real born turn.
Autumn Sanders,46,29848.79667,jakefaulkner@example.net,A,11/10/1995,Ever scene draw exist.
Shannon Johnson,38,44308.2855,tommy26@example.org,A,5/27/1951,Sort daughter right product mind exist.
Monica Morrow,61,78604.67959,holly54@example.com,A,10/19/1980,Religious wife entire discuss.
Kimberly Maldonado,200,38520.52028,anthonyrebecca@example.net,B,2/2/1979,Interview likely government story.
Joseph Schmidt DVM,57,70934.17243,robert62@example.net,A,1/26/1968,Official side check painting personal nor.
Gary Sanchez,55,39228.19343,kadams@example.net,A,3/28/1945,Vote instead customer notice fire get short.
Juan Hamilton,67,77559.71189,anthonyfreeman@example.net,D,5/31/1962,Someone right recognize bill stand add full.
Steven Santiago,49,24585.47309,tonydavis@example.com,B,12/5/2003,Medical safe clearly environmental.
Michelle Williams,20,55660.37041,brandonbond@example.com,A,6/18/1977,Management down generation pull while nice.
James Anderson,38,14160.81474,abbottjason@example.com,A,9/28/1948,Maintain decide indicate play.
Jaime Ross,35,14366.77162,robert32@example.net,C,2/20/1959,Anomalous Text
Gina Ponce,-5,96491.99114,garrisonshawn@example.net,A,12/21/1953,System discuss under music hand big.
Emily Davenport,53,85018.62787,chasemichelle@example.com,A,7/1/1953,Late ability nice run middle set measure.
Donna Gibson,150,-5000,elizabeth68@example.org,A,1/28/1946,Usually herself art out.
Richard Stafford,40,48204.86849,markwang@example.com,D,7/25/1978,Interest hotel require radio summer tell.
Lindsey Delgado MD,38,86209.39832,jamie67@example.com,B,11/29/1996,Management usually night safe.
Laurie Newman,52,1000000,mpatton@example.com,B,1/20/1986,Time hour water year coach behind there morning.
Katherine Mason,80,38288.63916,grantadam@example.org,B,3/9/1993,Majority career entire especially spend compare old nor.
Jason Wilson,33,13420.84034,briangonzalez@example.com,B,10/30/1964,Management environment under key happen somebody stuff.
Traci Torres,35,13911.094,yvonnetrujillo@example.com,B,3/31/1974,Partner treatment rich these.
Eric White,72,24645.7253,mooredebbie@example.com,B,5/29/2004,Will win sit early.
Tiffany Perez,41,90681.6127,,B,1/28/1946,Democrat program article recognize address ever.
Amanda Burns,47,51700.95218,wrightcassandra@example.net,C,11/25/1954,Before play including machine challenge.
Crystal Waters DDS,30,95533.30366,valerie90@example.com,D,9/14/1996,Put sure just he discover form share.
Lori Lyons,36,-5000,fgonzalez@example.com,A,4/9/1945,Avoid north actually loss similar may.
Calvin Nguyen,25,83598.97857,zgallagher@example.org,C,3/29/1975,Wait hotel turn light treatment.
Cynthia Rodriguez,70,92610.37901,cgarcia@example.org,B,,Fall none free final.
Jamie Herring,55,41871.41518,katherine89@example.com,C,7/1/1944,Toward language some small.
Sydney Shepherd,200,80382.51463,whitejoshua@example.net,B,,Operation film pretty than sit war before.
Jill Esparza,44,96098.20019,lori69@example.net,C,8/20/1953,Young weight local alone.
Tyler Munoz,50,1000000,hhall@example.net,B,2/22/2005,Doctor thus grow culture couple others collection.
John Smith,80,22404.11993,,B,9/11/1961,Song box central boy eight attorney question.
Brenda Kelly MD,39,46400.13852,,D,9/17/2002,Anomalous Text
Anita Stevenson,200,63942.80754,zdiaz@example.net,C,7/8/1950,Create study goal wish approach their how.
Travis Jordan,61,77955.77689,,C,,Move source dark save their seek dark.
Terry Wright,36,90390.41467,robertmoreno@example.net,A,7/10/1966,Soon win we only.
Courtney Maxwell,200,23593.46848,woodardchristopher@example.com,B,12/18/1943,Quickly with character sound shake whether commercial.
Briana Weber,58,49909.63024,ramosjoseph@example.org,D,8/21/1943,College song free sure part attention.
Mrs. Nancy White,74,28608.75902,leslieclark@example.net,C,12/28/1990,Step new allow once.
Michael Harmon,39,38040.82039,fordteresa@example.com,C,10/8/1954,Drug each property.
Richard Smith,58,67474.5434,daniel13@example.com,A,11/25/1993,Point president continue under most tough bag.
Natalie Franco,64,64094.03228,stevensgregory@example.com,C,7/29/1973,Every church interesting take.
Lori Fox,80,22541.38868,wilsonscott@example.net,A,7/31/1988,Three both eat central.
Paul Johnston,51,60710.17908,hamptonlisa@example.com,C,8/16/1943,Animal hand water book his.
Danielle Guerrero,19,1000000,hernandezrichard@example.net,C,5/7/2003,Feel actually interview build camera.
Peggy Collins,51,30483.94296,abigailburgess@example.com,D,8/27/1960,Pm she executive step create account speech.
Selena Williamson,57,1000000,gregory79@example.net,B,5/5/2002,Anomalous Text
Dr. Rebecca King,50,22998.81713,ibrown@example.org,B,11/28/1995,Young southern into pattern at choose money.
Peter Aguirre,75,81243.01346,uwhite@example.org,D,12/10/1969,Goal have hotel appear matter.
Rhonda Richardson,22,30478.49449,yolanda15@example.org,C,,Environmental school customer.
Laura Smith,53,85015.01902,wanda50@example.org,A,8/2/1982,Chance part minute.
Victoria Cruz,71,-5000,iklein@example.com,C,,Social voice girl blood pick send deep court.
Jonathan Black,72,57081.85568,reginaldcarroll@example.org,A,4/25/1950,Market knowledge behind spring.
Meagan Hogan,63,44056.24726,omccoy@example.org,B,2/11/1965,Responsibility where past successful everybody.
Thomas Jones,50,70832.4607,michelleedwards@example.com,A,2/8/1980,Ahead share expert rule.
Darrell Schneider,31,72242.2092,mpadilla@example.com,B,12/10/1979,Single if mind above near wind.
Margaret Welch,29,80624.94412,phillipsstephen@example.org,B,,Five friend issue energy vote building.
Dominique Wilson,51,56760.78457,,D,1/16/1960,Place across Mrs somebody middle.
Keith Henry,64,46612.28143,,C,9/6/1960,Collection everything education exist.
Michael Mccormick,61,81882.48056,melissa02@example.org,C,4/4/1995,Four church traditional form one future approach.
Tracey Murray,65,61640.7268,emily21@example.net,A,1/3/1943,History though benefit lay draw.
Kristin Bailey MD,54,97770.76613,jenningsmelissa@example.net,B,12/29/1988,Anomalous Text
Amanda Brown,57,85807.80876,sarahhenderson@example.com,B,1/4/1988,Treatment another car contain medical.
Melanie Williams,46,-5000,rachel06@example.com,C,9/21/1989,Actually shake might sport rest crime success customer.
Steven King,53,53640.04971,,B,5/22/1973,Personal question stay economy into myself between character.
Aaron Eaton II,44,82965.9529,mcolon@example.org,D,4/7/1956,Anomalous Text
Carol Farrell,41,92407.63505,,C,1/7/1996,Specific crime mouth operation situation expect.
Nicholas Walker,78,17675.46051,jonathan08@example.net,B,1/30/1961,New certain card trade.
Jacob Alexander,60,38365.43699,pricemichael@example.net,A,,Anomalous Text
Samuel Spencer,40,12823.72585,jamiehill@example.com,C,12/3/1959,Soldier movement man though peace.
Peter Jensen,69,55316.4473,lisa65@example.org,A,7/28/1945,National head able risk drive something.
Kayla Rogers,19,37347.25706,hbryant@example.org,A,12/31/1984,Tough north crime.
Anthony Guzman,35,1000000,smithlance@example.org,A,,Determine field however himself student certain.
Lauren Rodriguez,40,85169.27923,cbenton@example.net,C,,Light life recognize market heart price huge official.
Phillip Mcmillan,78,83471.91287,luisjones@example.org,A,11/21/1980,Arrive write region cold.
Todd Barker,58,95326.64213,rothgina@example.com,A,9/8/1943,Very drug nearly Mrs else.
Shannon Buck,52,64484.52539,nataliehopkins@example.net,D,1/19/2004,Be subject thousand shoulder worry politics financial hotel.
Antonio Bolton,23,30277.52202,smithjoel@example.com,B,12/7/1982,As huge artist they.
Jessica Mcgee,30,90814.8736,shepardwillie@example.net,B,6/26/1952,Near method operation those.
David Anderson,45,45917.30964,watsonfrank@example.com,B,12/23/1957,Like soldier find music.
Brian Fischer,70,18233.10832,,A,4/22/1991,Dark build decision land save meet.
Rachael Bowman,43,76272.6524,billyhernandez@example.org,B,8/2/1999,Argue local individual increase somebody.
Lisa Wright,46,76821.84445,dgonzales@example.com,B,2/14/1972,Half network you unit mention growth.
David Grant,62,-5000,joneskyle@example.org,A,6/30/1943,During sell board fire kind along.
Xavier Williams,52,63172.34434,,D,8/19/1985,Network avoid summer employee training loss.
Richard Cardenas,74,48437.79827,palmersheryl@example.com,B,6/26/1948,Pressure economic help purpose need now story.
Jeremy Miller,28,48653.71662,nelsonstephanie@example.org,B,1/17/1943,Member adult green free.
James Mills,49,18400.25384,acevedojeffrey@example.org,C,5/15/2005,Speech already form office article next.
Amy Kelley,52,32192.78501,richard40@example.org,A,10/22/1972,Teach if city draw.
Andres Rasmussen,51,97998.22325,julie42@example.org,C,12/10/2004,Probably ready car.
Eric Randolph,200,-5000,,C,7/6/1952,May capital notice become strong also general expert.
Jason Carter,18,58502.91486,brianphillips@example.net,D,8/31/1989,Write before Mrs author star.
Daniel Delacruz,20,-5000,tracylopez@example.com,D,,Century business deal explain strategy grow look different.
Jordan Coleman,38,10239.7579,tuckermichael@example.org,A,7/29/1968,Eight rest south weight conference store.
Jill Wilkins,79,72767.79253,edgarandrews@example.com,B,5/11/2001,Price leader window away eat everyone rock.
David Middleton,61,80429.35144,nathaniel69@example.net,B,3/1/1970,Million plant positive door day history majority.
April Dickson,60,75928.40136,mortiz@example.org,C,8/29/1989,Nothing drug edge surface myself.
Rebecca Jackson,39,88600.09665,wyattcaroline@example.com,C,10/26/1983,Anomalous Text
John Thompson,50,19555.42659,lbrown@example.org,C,2/3/1954,Research arrive wall student lawyer.
Jeremy Murray,40,43327.19052,waltersjonathan@example.net,A,5/9/1957,Affect cold next market last behavior final computer.
Kayla Rodgers MD,59,76388.14024,michaeldavis@example.com,B,3/21/1974,Spend song agency rule bank prepare.
Susan Lewis,68,67851.70584,rogersmichael@example.com,B,4/26/1983,There far hit last.
Laura Lawrence,37,22605.69801,thomasturner@example.net,B,1/10/1955,Claim nothing family pick outside.
Ann Ellis,64,48853.19284,gthomas@example.net,C,4/23/1970,Expect interesting world fear difficult.
Kelly Green,40,50432.25376,lorettacalhoun@example.com,C,4/7/1952,Operation policy finish protect family lose skill.
Christine Anderson,58,49570.58384,ashley70@example.net,B,2/19/2002,Walk mother instead building lead speak view.
Corey Adams,77,83761.164,hernandezlaurie@example.org,B,6/18/2001,Site somebody concern tax budget drive our amount.
William Padilla,68,51471.61675,qgarcia@example.net,C,2/16/1974,Anomalous Text
William Dixon,60,15747.78895,reyeskimberly@example.com,B,2/6/2003,Professor story picture significant town particularly organization.
Shawn Thomas,-5,35270.00133,rhubbard@example.org,C,7/2/1955,Anomalous Text
Richard Lyons,64,-5000,reginamelton@example.com,A,5/8/1975,People collection story civil.
Leslie Cole,63,45629.9286,durhamsusan@example.net,C,9/14/1995,Buy score risk story culture section month thing.
Dustin Johnson,19,53341.53668,michaelbecker@example.com,A,1/4/2000,Build television next pick plan teach close drop.
Kevin Kim,70,33779.0727,ygraves@example.com,B,2/24/1982,Manager husband poor soldier cup early once.
Donna Smith,73,-5000,usmith@example.com,B,3/24/1963,Various mention expect nice.
Hannah Gonzales,63,89360.67686,smitchell@example.net,B,5/2/1949,Very level water newspaper.
Tina White,30,72559.65528,barbaragarcia@example.org,A,10/15/1966,Today marriage help degree room house.
Chelsea Ramirez,44,58175.60685,paynerachel@example.org,A,8/22/1970,Possible hit there leg.
Melinda Blanchard,67,94062.71688,sabrinawhite@example.com,B,7/5/1986,Couple cover station cell oil.
Emma Smith,22,17883.90274,,D,5/3/1975,Attack ground add.
Cole Thomas,49,23264.51864,luismorgan@example.org,B,8/14/1985,All tree another.
Margaret Johnson,62,1000000,davismargaret@example.com,C,1/9/1978,Coach court wide entire value democratic western.
Patricia Holmes,22,12124.7745,ruthkelly@example.com,B,7/19/1997,Care staff vote full approach offer.
Wendy Escobar,48,56444.42812,joshua89@example.net,A,11/13/1983,Commercial always bill forward fill seven here.
Anthony Butler,50,52257.72275,kimchristine@example.org,B,3/6/1983,Data watch experience.
Caitlin Miller,36,15825.22418,dunnryan@example.net,B,12/23/1994,Anomalous Text
Cathy Griffin,67,94184.57287,richard18@example.com,A,5/3/1974,Music data public painting wait report under.
Victoria Mclaughlin,65,81446.14767,eric83@example.com,A,3/8/1993,Anomalous Text
Adrian Schultz,150,-5000,bmendez@example.net,C,,Vote big building continue perform behavior.
William Gonzales,54,25253.44669,,B,12/2/1981,Light third language into air have adult.
Kathryn Hoover,38,35774.31143,,D,8/25/1971,Hand important sign themselves shake.
Jessica Miller,78,54966.52573,watsondavid@example.net,C,11/29/1996,Policy group free hit learn history long.
James Hill,53,28741.84191,,C,4/10/1952,Care democratic character religious teach that end.
Steven Becker,38,66531.99408,thomas97@example.net,A,10/14/1951,Since share campaign theory.
Seth Anderson,20,1000000,billy76@example.com,C,,Anomalous Text
Brittney Mills DDS,31,48186.8115,regina98@example.net,B,9/6/1971,Born nation age blood.
Christopher Krause,52,34242.653,,A,11/27/1962,House thus organization whom industry bank.
Robin Rich,18,82230.93825,christopher32@example.com,B,6/8/1983,Poor single send population dinner message street away.
Darlene Evans,38,12459.18284,lreese@example.net,C,8/31/2005,Wind system movie student data TV walk.
Robert Montgomery,45,26000.94647,ewingrobert@example.net,B,6/19/1956,Body capital if seat agent.
Autumn Summers,30,76883.46678,hensleybarbara@example.net,D,9/14/1959,Anomalous Text
Dana Davis,23,38634.89854,susansimpson@example.com,B,,Heart continue group rise not.
Nicole Cisneros,150,78178.98064,debra31@example.org,C,2/25/1963,Bank worker or behind issue.
Sandra Cardenas,73,47202.97357,nmiller@example.org,A,3/7/1961,Admit bag by large international some.
Heather Byrd,46,17027.8145,mitchelllance@example.com,D,9/29/1988,Store of add within hear.
Casey Barry,74,99855.34732,hughesjames@example.net,A,12/27/1961,Amount instead end cold much interview.
Tracey Brooks,150,15631.94635,grivers@example.net,B,9/4/1963,Sound expect stage investment fine assume control.
Randall Galvan,80,99240.76293,justinmartinez@example.org,C,,Tv set line near responsibility.
Erika Estrada,58,20157.17527,darrenshelton@example.com,A,,Customer contain Mrs report school.
Patricia Anderson,-5,58525.72566,daniel84@example.net,C,6/22/1965,Year industry probably someone president.
Dana Grant,20,26343.67236,zanderson@example.net,B,11/15/1970,Need two and.
Barbara Hernandez,19,1000000,ubrown@example.net,D,1/16/1945,Spend a sport tax office.
Mark Nelson,71,53994.05903,ghuff@example.net,C,10/17/1980,Stage mother add great know assume.
Tracey Anderson,150,67522.90147,mallory56@example.org,A,9/26/1977,Despite decade whom cause reality suffer.
Nathan Mason,54,75697.57368,brettholmes@example.net,C,2/5/1991,Face tree member section city middle mind.
Cynthia Miller,58,13667.25719,brett78@example.net,B,10/23/1994,Visit record concern another apply senior.
Katie Watkins,29,78824.31109,mitchelljoseph@example.org,C,8/1/1957,Want along wall rise father simple strategy.
Katherine Smith,23,45202.51342,haasjeremiah@example.org,A,6/24/1974,Explain music wide mother.
Vanessa Branch,66,88187.72284,smithjeffrey@example.net,A,1/20/1992,Build increase occur half sister whether night.
Jerry Ballard,25,50764.8693,alex80@example.com,A,9/23/1991,Either anyone per near.
Christopher Cohen,36,92244.50714,,A,10/28/1953,Contain young baby southern smile.
Richard Stone,-5,-5000,gwright@example.net,D,3/6/1949,Couple course amount expect young wide include story.
Ariel Mccoy,48,86362.39181,jasonmills@example.com,B,12/6/2002,Wall rest customer.
Brenda Clayton,54,1000000,dennis79@example.org,C,12/9/1999,Card value he bring walk plant degree.
Cheryl Hatfield,62,35950.08773,ibradley@example.org,C,1/24/1949,Anomalous Text
Matthew Castaneda,67,17522.14432,tyler47@example.com,C,8/7/1958,My clearly determine action.
Bonnie Medina,64,50701.28584,greenjustin@example.net,B,7/27/1992,Something cultural later least experience computer first risk.
John James,-5,32732.80963,mfields@example.org,D,,Old ago old itself perform line necessary.
Cory Sims,49,38664.24016,gregorygary@example.com,B,12/14/1965,Brother open important break soon month security.
Laura Robertson DDS,35,16407.7805,keith88@example.net,B,3/15/1992,Reason itself decide.
Ashley Vasquez,42,90880.90759,gabrielasmith@example.org,B,1/29/1963,Bag professional include board visit.
Paul Mcdaniel,51,77859.71066,thomaspatrick@example.org,A,7/3/1991,Newspaper require likely one then.
Lisa Davis,56,62328.43182,jonesjesus@example.com,A,2/15/1981,Name western both serve many charge exist.
Paige Ingram,45,92485.81103,shawnyoung@example.net,B,12/22/1947,Room down friend number concern.
Jeffrey Brown,74,52844.10217,bentonjesus@example.com,C,11/18/1975,Result answer around arrive dream deep account.
Samantha Martin,79,15789.18801,robertelliott@example.org,B,4/15/1946,Important single summer structure.
Susan Williams,75,10895.80953,nking@example.net,C,,Relationship cover clear break difference success painting.
Justin James,50,60220.1543,,C,3/23/1949,Across whole wear education.
Brian Berg,71,55044.80372,rodriguezcatherine@example.org,A,6/15/1979,Drug wind professor behavior.
Patricia Howard,71,86010.1373,jonesvanessa@example.net,C,3/12/2002,Easy generation society.
Michael Barnes,61,29903.41568,marksbrian@example.org,C,11/18/1989,Small kind land resource song black.
Victor Richardson,79,1000000,farmeralexa@example.org,A,11/14/2002,Market seat near recognize.
Jamie Ortiz,56,33408.36236,martinaaron@example.org,B,3/17/1992,Exactly anyone even.
Brandon Romero,57,77035.29673,zayers@example.org,A,9/7/1952,Blood best skin.
Scott Richardson,72,85599.40103,pperez@example.net,C,10/11/1973,Control institution seat kitchen everybody threat.
Sarah Sullivan,41,82730.13859,michael72@example.org,A,4/23/1955,Anomalous Text
Michael Jones,45,31302.83652,marybishop@example.net,A,12/12/1966,Carry nation think sound available.
Mr. John Smith,200,96283.24266,carterjoanna@example.com,C,12/14/1976,Even light medical lot anyone sister.
Michelle Romero,47,66598.71077,vanessa01@example.org,B,8/1/1987,Nothing them any adult.
Vanessa Jones,80,44501.55111,taylorlarry@example.com,B,5/1/1949,Girl middle throw strong when form.
Thomas Alvarez,44,74675.6204,flopez@example.com,A,4/10/1961,Anomalous Text
Lawrence Gray,73,60895.16561,wchung@example.net,D,12/6/2004,Out never meeting.
Ariana Todd,150,82965.49217,fgeorge@example.com,B,12/13/1975,Cell police everyone cell card common.
Keith Hays,33,30882.23966,fwalker@example.net,A,,Campaign police inside over management.
Steven Bennett,35,37267.22163,mcbridebenjamin@example.net,A,10/26/1946,Arrive security body fine.
Brian James,-5,60025.92094,jenniferrodriguez@example.net,B,8/17/1961,Anomalous Text
