Institution ID,Institution Name,Sector,Private Funding (USD),Student Performance,Employment Rate,Industry Satisfaction
1,Institution_1,Private,419278,53.0,88.0,5
2,Institution_2,Public,0,67.0,90.0,7
3,Institution_3,Public,0,,88.0,8
4,Institution_4,Public,0,84.0,62.0,5
5,Institution_5,Private,190327,,,5
6,Institution_6,Private,493554,92.0,95.0,6
7,Institution_7,Private,302503,64.0,,7
8,Institution_8,Public,0,71.0,60.0,5
9,Institution_9,Public,0,86.0,62.0,6
10,Institution_10,Public,0,91.0,95.0,9
11,Institution_11,Private,494966,61.0,94.0,5
12,Institution_12,Public,0,96.0,50.0,5
13,Institution_13,Public,0,98.0,89.0,6
14,Institution_14,Private,420197,,,7
15,Institution_15,Private,246968,87.0,68.0,5
16,Institution_16,Private,286833,67.0,61.0,9
17,Institution_17,Private,293624,,57.0,5
18,Institution_18,Public,0,,57.0,9
19,Institution_19,Public,0,79.0,94.0,8
20,Institution_20,Private,357594,,61.0,8
21,Institution_21,Public,0,91.0,97.0,9
22,Institution_22,Private,484876,79.0,82.0,7
23,Institution_23,Private,137641,63.0,94.0,5
24,Institution_24,Private,129711,55.0,75.0,5
25,Institution_25,Public,0,52.0,88.0,8
26,Institution_26,Public,0,65.0,77.0,9
27,Institution_27,Private,243254,56.0,54.0,5
28,Institution_28,Public,0,63.0,57.0,5
29,Institution_29,Public,0,58.0,74.0,7
30,Institution_30,Private,381685,64.0,76.0,6
31,Institution_31,Public,0,70.0,95.0,8
32,Institution_32,Private,144813,84.0,72.0,8
33,Institution_33,Private,268270,51.0,,6
34,Institution_34,Public,0,76.0,94.0,5
35,Institution_35,Public,0,51.0,,7
36,Institution_36,Public,0,,72.0,7
37,Institution_37,Private,304615,67.0,98.0,8
38,Institution_38,Private,141786,63.0,96.0,7
39,Institution_39,Public,0,69.0,69.0,6
40,Institution_40,Public,0,67.0,67.0,5
41,Institution_41,Private,499953,,67.0,6
42,Institution_42,Public,0,74.0,51.0,9
43,Institution_43,Private,413715,51.0,53.0,8
44,Institution_44,Public,0,74.0,79.0,7
45,Institution_45,Private,381570,82.0,82.0,9
46,Institution_46,Public,0,85.0,85.0,7
47,Institution_47,Private,349321,80.0,67.0,5
48,Institution_48,Public,0,63.0,,5
49,Institution_49,Public,0,50.0,68.0,5
50,Institution_50,Private,189613,,96.0,7
51,Institution_51,Public,0,65.0,77.0,9
52,Institution_52,Public,0,95.0,89.0,5
53,Institution_53,Public,0,52.0,69.0,9
54,Institution_54,Public,0,,98.0,7
55,Institution_55,Public,0,90.0,82.0,9
56,Institution_56,Public,0,55.0,61.0,7
57,Institution_57,Private,234055,74.0,64.0,7
58,Institution_58,Private,251734,62.0,90.0,8
59,Institution_59,Private,385654,83.0,88.0,7
60,Institution_60,Private,309259,57.0,51.0,7
61,Institution_61,Private,272070,70.0,78.0,6
62,Institution_62,Private,194071,83.0,90.0,5
63,Institution_63,Public,0,53.0,59.0,8
64,Institution_64,Private,406691,74.0,51.0,8
65,Institution_65,Private,416764,64.0,60.0,8
66,Institution_66,Public,0,53.0,62.0,6
67,Institution_67,Private,215608,94.0,59.0,7
68,Institution_68,Public,0,,63.0,5
69,Institution_69,Private,258417,81.0,67.0,9
70,Institution_70,Public,0,,58.0,7
71,Institution_71,Public,0,77.0,88.0,6
72,Institution_72,Private,179273,62.0,77.0,7
73,Institution_73,Private,437003,80.0,52.0,7
74,Institution_74,Public,0,63.0,69.0,6
75,Institution_75,Public,0,69.0,55.0,8
76,Institution_76,Public,0,67.0,76.0,8
77,Institution_77,Public,0,78.0,51.0,5
78,Institution_78,Private,391574,55.0,78.0,5
79,Institution_79,Private,306604,81.0,87.0,8
80,Institution_80,Private,127788,78.0,52.0,9
81,Institution_81,Public,0,92.0,65.0,7
82,Institution_82,Public,0,51.0,79.0,9
83,Institution_83,Private,458266,72.0,89.0,7
84,Institution_84,Private,139974,68.0,51.0,8
85,Institution_85,Private,469453,,66.0,5
86,Institution_86,Private,116371,54.0,90.0,5
87,Institution_87,Public,0,68.0,61.0,9
88,Institution_88,Public,0,83.0,84.0,5
89,Institution_89,Public,0,59.0,92.0,8
90,Institution_90,Public,0,74.0,50.0,9
91,Institution_91,Private,293259,,94.0,7
92,Institution_92,Public,0,60.0,64.0,5
93,Institution_93,Public,0,99.0,75.0,6
94,Institution_94,Public,0,80.0,86.0,5
95,Institution_95,Public,0,64.0,70.0,7
96,Institution_96,Public,0,58.0,98.0,9
97,Institution_97,Public,0,72.0,80.0,7
98,Institution_98,Public,0,68.0,74.0,6
99,Institution_99,Private,281144,58.0,72.0,8
100,Institution_100,Private,386718,84.0,73.0,5
101,Institution_101,Private,496646,70.0,87.0,9
102,Institution_102,Public,0,58.0,77.0,8
103,Institution_103,Private,243748,77.0,70.0,7
104,Institution_104,Public,0,,92.0,9
105,Institution_105,Public,0,56.0,67.0,8
106,Institution_106,Private,102050,65.0,85.0,9
107,Institution_107,Public,0,65.0,84.0,6
108,Institution_108,Public,0,82.0,94.0,6
109,Institution_109,Private,124951,53.0,58.0,5
110,Institution_110,Private,132413,,87.0,5
111,Institution_111,Private,265873,88.0,79.0,6
112,Institution_112,Private,286691,89.0,93.0,9
113,Institution_113,Public,0,66.0,83.0,6
114,Institution_114,Public,0,86.0,81.0,5
115,Institution_115,Public,0,88.0,52.0,6
116,Institution_116,Public,0,,52.0,6
117,Institution_117,Public,0,85.0,77.0,9
118,Institution_118,Private,343662,87.0,93.0,8
119,Institution_119,Public,0,88.0,64.0,5
120,Institution_120,Public,0,99.0,,9
121,Institution_121,Public,0,,72.0,6
122,Institution_122,Public,0,84.0,89.0,6
123,Institution_123,Private,451575,,60.0,8
124,Institution_124,Private,305763,76.0,97.0,5
125,Institution_125,Private,143001,77.0,,5
126,Institution_126,Public,0,71.0,85.0,7
127,Institution_127,Public,0,63.0,82.0,5
128,Institution_128,Public,0,56.0,73.0,8
129,Institution_129,Private,338506,,88.0,7
130,Institution_130,Public,0,71.0,83.0,7
131,Institution_131,Public,0,54.0,77.0,6
132,Institution_132,Private,486487,51.0,86.0,6
133,Institution_133,Private,287710,76.0,56.0,5
134,Institution_134,Private,228301,70.0,53.0,7
135,Institution_135,Public,0,87.0,86.0,6
136,Institution_136,Private,260829,64.0,50.0,8
137,Institution_137,Public,0,70.0,50.0,6
138,Institution_138,Public,0,59.0,96.0,6
139,Institution_139,Private,279352,72.0,69.0,7
140,Institution_140,Public,0,88.0,68.0,7
141,Institution_141,Public,0,54.0,78.0,9
142,Institution_142,Private,293283,50.0,59.0,8
143,Institution_143,Public,0,62.0,,7
144,Institution_144,Private,345596,70.0,77.0,5
145,Institution_145,Private,403988,75.0,84.0,8
146,Institution_146,Private,426898,99.0,92.0,8
147,Institution_147,Public,0,94.0,96.0,7
148,Institution_148,Public,0,70.0,80.0,8
149,Institution_149,Private,161665,67.0,76.0,7
150,Institution_150,Private,346584,86.0,60.0,6
151,Institution_151,Public,0,94.0,,9
152,Institution_152,Private,258448,81.0,98.0,6
153,Institution_153,Private,286626,85.0,87.0,7
154,Institution_154,Public,0,66.0,54.0,7
155,Institution_155,Public,0,84.0,,6
156,Institution_156,Private,173781,98.0,83.0,5
157,Institution_157,Public,0,60.0,97.0,5
158,Institution_158,Public,0,70.0,61.0,5
159,Institution_159,Private,176898,75.0,87.0,7
160,Institution_160,Public,0,53.0,,8
161,Institution_161,Private,130448,83.0,80.0,7
162,Institution_162,Public,0,97.0,53.0,8
163,Institution_163,Public,0,,98.0,6
164,Institution_164,Public,0,89.0,94.0,9
165,Institution_165,Private,474999,84.0,99.0,8
166,Institution_166,Public,0,90.0,54.0,5
167,Institution_167,Private,107906,78.0,79.0,7
168,Institution_168,Private,423557,78.0,73.0,6
169,Institution_169,Private,154028,87.0,52.0,5
170,Institution_170,Public,0,91.0,60.0,6
171,Institution_171,Public,0,70.0,94.0,9
172,Institution_172,Private,422648,91.0,53.0,7
173,Institution_173,Public,0,62.0,75.0,7
174,Institution_174,Private,202979,98.0,76.0,9
175,Institution_175,Public,0,90.0,95.0,7
176,Institution_176,Private,183300,66.0,92.0,8
177,Institution_177,Public,0,,76.0,6
178,Institution_178,Private,248746,90.0,91.0,5
179,Institution_179,Public,0,50.0,99.0,9
180,Institution_180,Private,342615,,,8
181,Institution_181,Private,143642,97.0,64.0,5
182,Institution_182,Private,427304,78.0,79.0,5
183,Institution_183,Public,0,82.0,,9
184,Institution_184,Public,0,59.0,,8
185,Institution_185,Private,188801,99.0,86.0,5
186,Institution_186,Public,0,89.0,91.0,5
187,Institution_187,Public,0,70.0,86.0,8
188,Institution_188,Public,0,,84.0,7
189,Institution_189,Public,0,60.0,72.0,5
190,Institution_190,Private,489159,83.0,55.0,6
191,Institution_191,Private,404664,57.0,53.0,8
192,Institution_192,Public,0,,67.0,5
193,Institution_193,Public,0,57.0,58.0,9
194,Institution_194,Public,0,98.0,98.0,6
195,Institution_195,Private,125559,64.0,,5
196,Institution_196,Private,467739,66.0,62.0,6
197,Institution_197,Public,0,72.0,96.0,6
198,Institution_198,Public,0,73.0,66.0,7
199,Institution_199,Public,0,94.0,94.0,6
200,Institution_200,Public,0,68.0,81.0,7
201,Institution_201,Public,0,54.0,97.0,8
202,Institution_202,Private,212217,,71.0,7
203,Institution_203,Private,141873,,53.0,9
204,Institution_204,Public,0,50.0,54.0,5
205,Institution_205,Public,0,72.0,86.0,8
206,Institution_206,Private,234092,86.0,90.0,8
207,Institution_207,Private,403899,57.0,98.0,9
208,Institution_208,Public,0,62.0,62.0,7
209,Institution_209,Private,186988,57.0,83.0,5
210,Institution_210,Private,145648,,,7
211,Institution_211,Public,0,92.0,,6
212,Institution_212,Public,0,50.0,72.0,7
213,Institution_213,Public,0,94.0,52.0,8
214,Institution_214,Private,184082,73.0,91.0,5
215,Institution_215,Public,0,84.0,83.0,7
216,Institution_216,Private,232663,,81.0,5
217,Institution_217,Private,111303,,94.0,5
218,Institution_218,Public,0,54.0,98.0,6
219,Institution_219,Public,0,,70.0,6
220,Institution_220,Public,0,70.0,95.0,8
221,Institution_221,Public,0,89.0,93.0,9
222,Institution_222,Public,0,80.0,70.0,5
223,Institution_223,Private,486309,95.0,93.0,9
224,Institution_224,Private,186231,85.0,60.0,8
225,Institution_225,Private,369458,60.0,88.0,5
226,Institution_226,Private,119623,64.0,53.0,5
227,Institution_227,Public,0,68.0,50.0,9
228,Institution_228,Private,205228,56.0,77.0,7
229,Institution_229,Public,0,77.0,73.0,6
230,Institution_230,Public,0,92.0,84.0,7
231,Institution_231,Public,0,54.0,62.0,9
232,Institution_232,Public,0,54.0,96.0,6
233,Institution_233,Public,0,79.0,83.0,7
234,Institution_234,Public,0,81.0,60.0,6
235,Institution_235,Private,233541,57.0,85.0,5
236,Institution_236,Public,0,59.0,66.0,7
237,Institution_237,Private,253606,87.0,,6
238,Institution_238,Private,294692,96.0,67.0,6
239,Institution_239,Public,0,81.0,89.0,6
240,Institution_240,Private,149708,97.0,71.0,7
241,Institution_241,Public,0,77.0,73.0,8
242,Institution_242,Public,0,66.0,68.0,7
243,Institution_243,Public,0,80.0,86.0,9
244,Institution_244,Private,285374,57.0,88.0,7
245,Institution_245,Private,147638,89.0,70.0,6
246,Institution_246,Public,0,74.0,57.0,5
247,Institution_247,Public,0,58.0,77.0,7
248,Institution_248,Public,0,51.0,54.0,7
249,Institution_249,Public,0,64.0,66.0,6
250,Institution_250,Public,0,99.0,86.0,5
251,Institution_251,Private,192241,52.0,85.0,5
252,Institution_252,Private,226209,98.0,68.0,9
253,Institution_253,Public,0,85.0,76.0,7
254,Institution_254,Private,192124,53.0,83.0,5
255,Institution_255,Private,191659,63.0,60.0,5
256,Institution_256,Public,0,90.0,94.0,8
257,Institution_257,Public,0,90.0,,8
258,Institution_258,Public,0,,61.0,5
259,Institution_259,Public,0,99.0,70.0,9
260,Institution_260,Private,228232,59.0,60.0,5
261,Institution_261,Public,0,,88.0,6
262,Institution_262,Public,0,,77.0,7
263,Institution_263,Private,393719,61.0,54.0,9
264,Institution_264,Public,0,,,6
265,Institution_265,Public,0,89.0,69.0,9
266,Institution_266,Public,0,51.0,90.0,6
267,Institution_267,Public,0,62.0,95.0,7
268,Institution_268,Public,0,81.0,61.0,7
269,Institution_269,Private,278589,80.0,55.0,8
270,Institution_270,Private,129257,65.0,66.0,6
271,Institution_271,Public,0,81.0,68.0,8
272,Institution_272,Public,0,81.0,75.0,6
273,Institution_273,Public,0,83.0,97.0,8
274,Institution_274,Public,0,60.0,93.0,7
275,Institution_275,Public,0,59.0,93.0,9
276,Institution_276,Public,0,64.0,,8
277,Institution_277,Public,0,66.0,55.0,6
278,Institution_278,Public,0,89.0,85.0,6
279,Institution_279,Public,0,67.0,87.0,7
280,Institution_280,Public,0,58.0,60.0,6
281,Institution_281,Public,0,,82.0,5
282,Institution_282,Private,238563,89.0,73.0,9
283,Institution_283,Private,358778,63.0,72.0,8
284,Institution_284,Private,281264,74.0,64.0,9
285,Institution_285,Public,0,,76.0,7
286,Institution_286,Private,426032,71.0,60.0,8
287,Institution_287,Public,0,79.0,99.0,8
288,Institution_288,Public,0,69.0,66.0,5
289,Institution_289,Private,348512,70.0,63.0,7
290,Institution_290,Public,0,93.0,76.0,6
291,Institution_291,Private,383097,81.0,,5
292,Institution_292,Private,476826,95.0,77.0,5
293,Institution_293,Public,0,98.0,96.0,9
294,Institution_294,Private,254893,70.0,96.0,9
295,Institution_295,Private,215374,84.0,53.0,9
296,Institution_296,Public,0,81.0,56.0,5
297,Institution_297,Public,0,,94.0,6
298,Institution_298,Private,177475,88.0,84.0,8
299,Institution_299,Public,0,,97.0,9
300,Institution_300,Private,252499,61.0,,6
301,Institution_301,Private,462876,90.0,,7
302,Institution_302,Public,0,96.0,94.0,9
303,Institution_303,Public,0,67.0,,8
304,Institution_304,Public,0,70.0,66.0,7
305,Institution_305,Public,0,62.0,98.0,7
306,Institution_306,Public,0,,82.0,8
307,Institution_307,Public,0,,81.0,9
308,Institution_308,Private,357951,95.0,57.0,5
309,Institution_309,Public,0,89.0,68.0,8
310,Institution_310,Private,389226,,87.0,8
311,Institution_311,Public,0,56.0,52.0,8
312,Institution_312,Private,327286,72.0,54.0,7
313,Institution_313,Private,111745,93.0,62.0,6
314,Institution_314,Public,0,81.0,96.0,5
315,Institution_315,Public,0,60.0,95.0,9
316,Institution_316,Public,0,71.0,80.0,9
317,Institution_317,Public,0,71.0,65.0,6
318,Institution_318,Private,245360,92.0,99.0,8
319,Institution_319,Private,189186,74.0,81.0,5
320,Institution_320,Private,499756,71.0,71.0,9
321,Institution_321,Public,0,77.0,78.0,9
322,Institution_322,Public,0,78.0,71.0,8
323,Institution_323,Public,0,62.0,92.0,6
324,Institution_324,Private,141846,67.0,52.0,5
325,Institution_325,Public,0,51.0,59.0,6
326,Institution_326,Public,0,78.0,91.0,6
327,Institution_327,Public,0,,70.0,5
328,Institution_328,Public,0,64.0,65.0,5
329,Institution_329,Public,0,76.0,61.0,9
330,Institution_330,Private,496309,99.0,51.0,9
331,Institution_331,Private,384186,80.0,90.0,5
332,Institution_332,Public,0,64.0,73.0,7
333,Institution_333,Private,348656,72.0,84.0,9
334,Institution_334,Private,344459,73.0,79.0,7
335,Institution_335,Private,324695,93.0,79.0,5
336,Institution_336,Private,460027,62.0,96.0,9
337,Institution_337,Public,0,71.0,84.0,6
338,Institution_338,Public,0,92.0,68.0,5
339,Institution_339,Public,0,86.0,99.0,8
340,Institution_340,Private,358916,82.0,57.0,7
341,Institution_341,Public,0,52.0,75.0,5
342,Institution_342,Public,0,,98.0,5
343,Institution_343,Private,462130,72.0,89.0,9
344,Institution_344,Public,0,78.0,56.0,9
345,Institution_345,Private,263268,79.0,79.0,9
346,Institution_346,Public,0,88.0,56.0,8
347,Institution_347,Public,0,93.0,52.0,9
348,Institution_348,Private,238496,96.0,50.0,5
349,Institution_349,Private,375001,74.0,85.0,9
350,Institution_350,Public,0,86.0,74.0,6
351,Institution_351,Public,0,96.0,86.0,9
352,Institution_352,Public,0,57.0,,8
353,Institution_353,Public,0,91.0,64.0,6
354,Institution_354,Private,126431,65.0,86.0,5
355,Institution_355,Private,447120,57.0,62.0,5
356,Institution_356,Public,0,50.0,89.0,7
357,Institution_357,Private,444855,93.0,57.0,6
358,Institution_358,Public,0,54.0,,7
359,Institution_359,Public,0,52.0,58.0,6
360,Institution_360,Public,0,50.0,50.0,6
361,Institution_361,Private,330983,53.0,85.0,8
362,Institution_362,Public,0,,84.0,7
363,Institution_363,Public,0,84.0,51.0,8
364,Institution_364,Public,0,81.0,89.0,6
365,Institution_365,Public,0,91.0,72.0,5
366,Institution_366,Private,445114,83.0,58.0,6
367,Institution_367,Public,0,,83.0,8
368,Institution_368,Public,0,74.0,95.0,7
369,Institution_369,Private,261779,59.0,,7
370,Institution_370,Private,270182,70.0,53.0,8
371,Institution_371,Private,292860,95.0,79.0,7
372,Institution_372,Private,182879,88.0,80.0,9
373,Institution_373,Private,338260,76.0,,5
374,Institution_374,Public,0,76.0,60.0,5
375,Institution_375,Private,407003,51.0,84.0,5
376,Institution_376,Private,414242,90.0,57.0,7
377,Institution_377,Public,0,97.0,52.0,7
378,Institution_378,Private,222413,62.0,63.0,6
379,Institution_379,Public,0,58.0,62.0,6
380,Institution_380,Private,430904,85.0,94.0,5
381,Institution_381,Private,147837,71.0,81.0,9
382,Institution_382,Public,0,91.0,83.0,6
383,Institution_383,Public,0,,94.0,6
384,Institution_384,Public,0,61.0,68.0,7
385,Institution_385,Public,0,66.0,87.0,9
386,Institution_386,Public,0,63.0,65.0,5
387,Institution_387,Private,370856,,51.0,6
388,Institution_388,Private,466245,83.0,89.0,9
389,Institution_389,Public,0,69.0,66.0,9
390,Institution_390,Public,0,60.0,83.0,5
391,Institution_391,Public,0,65.0,91.0,9
392,Institution_392,Public,0,80.0,65.0,9
393,Institution_393,Private,367253,55.0,87.0,9
394,Institution_394,Public,0,68.0,51.0,6
395,Institution_395,Private,331809,86.0,51.0,5
396,Institution_396,Public,0,53.0,75.0,9
397,Institution_397,Public,0,96.0,62.0,9
398,Institution_398,Public,0,53.0,96.0,6
399,Institution_399,Public,0,69.0,80.0,5
400,Institution_400,Public,0,59.0,83.0,7
401,Institution_401,Private,202471,,88.0,6
402,Institution_402,Public,0,84.0,52.0,5
403,Institution_403,Public,0,75.0,57.0,9
404,Institution_404,Public,0,86.0,72.0,5
405,Institution_405,Private,260081,,,5
406,Institution_406,Public,0,,76.0,5
407,Institution_407,Private,488590,89.0,78.0,7
408,Institution_408,Private,293118,88.0,,5
409,Institution_409,Public,0,70.0,88.0,7
410,Institution_410,Private,257215,59.0,50.0,9
411,Institution_411,Private,106154,87.0,66.0,7
412,Institution_412,Public,0,95.0,90.0,9
413,Institution_413,Public,0,53.0,79.0,9
414,Institution_414,Public,0,94.0,62.0,7
415,Institution_415,Public,0,69.0,70.0,6
416,Institution_416,Public,0,66.0,68.0,8
417,Institution_417,Private,281002,56.0,68.0,5
418,Institution_418,Private,264053,53.0,74.0,8
419,Institution_419,Public,0,78.0,,5
420,Institution_420,Public,0,63.0,80.0,5
421,Institution_421,Public,0,52.0,66.0,9
422,Institution_422,Public,0,73.0,72.0,5
423,Institution_423,Private,487960,86.0,81.0,5
424,Institution_424,Public,0,65.0,59.0,7
425,Institution_425,Private,345198,,59.0,8
426,Institution_426,Public,0,73.0,,7
427,Institution_427,Public,0,83.0,57.0,5
428,Institution_428,Public,0,79.0,69.0,9
429,Institution_429,Private,397632,67.0,81.0,7
430,Institution_430,Private,436585,68.0,99.0,7
431,Institution_431,Private,305735,80.0,63.0,6
432,Institution_432,Public,0,68.0,99.0,5
433,Institution_433,Public,0,98.0,77.0,9
434,Institution_434,Private,294555,95.0,,7
435,Institution_435,Private,222720,68.0,73.0,7
436,Institution_436,Public,0,71.0,64.0,9
437,Institution_437,Private,368512,73.0,71.0,5
438,Institution_438,Public,0,94.0,79.0,6
439,Institution_439,Public,0,61.0,53.0,7
440,Institution_440,Private,319724,79.0,62.0,6
441,Institution_441,Private,474899,87.0,72.0,8
442,Institution_442,Public,0,80.0,57.0,5
443,Institution_443,Private,412213,85.0,67.0,8
444,Institution_444,Private,414470,,61.0,8
445,Institution_445,Public,0,,80.0,8
446,Institution_446,Public,0,94.0,63.0,5
447,Institution_447,Public,0,85.0,83.0,5
448,Institution_448,Public,0,79.0,67.0,9
449,Institution_449,Private,150861,98.0,83.0,6
450,Institution_450,Private,438041,82.0,60.0,6
451,Institution_451,Public,0,67.0,90.0,9
452,Institution_452,Public,0,98.0,61.0,9
453,Institution_453,Public,0,77.0,98.0,8
454,Institution_454,Public,0,96.0,64.0,9
455,Institution_455,Private,109078,60.0,80.0,7
456,Institution_456,Public,0,94.0,98.0,6
457,Institution_457,Private,151047,82.0,78.0,9
458,Institution_458,Public,0,,75.0,7
459,Institution_459,Private,419804,55.0,67.0,7
460,Institution_460,Private,335458,53.0,,7
461,Institution_461,Private,495141,69.0,71.0,7
462,Institution_462,Public,0,97.0,87.0,8
463,Institution_463,Public,0,96.0,,7
464,Institution_464,Public,0,76.0,72.0,8
465,Institution_465,Public,0,64.0,73.0,8
466,Institution_466,Private,225150,55.0,99.0,7
467,Institution_467,Private,257087,96.0,57.0,6
468,Institution_468,Public,0,63.0,90.0,7
469,Institution_469,Private,427025,60.0,55.0,7
470,Institution_470,Public,0,88.0,54.0,7
471,Institution_471,Private,464359,58.0,93.0,6
472,Institution_472,Public,0,75.0,78.0,5
473,Institution_473,Private,496605,65.0,77.0,5
474,Institution_474,Public,0,54.0,60.0,8
475,Institution_475,Public,0,59.0,50.0,8
476,Institution_476,Public,0,99.0,92.0,6
477,Institution_477,Private,257702,52.0,68.0,9
478,Institution_478,Public,0,62.0,58.0,5
479,Institution_479,Public,0,92.0,76.0,8
480,Institution_480,Public,0,98.0,83.0,5
481,Institution_481,Public,0,79.0,93.0,6
482,Institution_482,Public,0,94.0,53.0,6
483,Institution_483,Public,0,55.0,85.0,9
484,Institution_484,Public,0,,67.0,9
485,Institution_485,Public,0,94.0,64.0,6
486,Institution_486,Public,0,,62.0,8
487,Institution_487,Private,252360,91.0,68.0,5
488,Institution_488,Private,353627,84.0,98.0,7
489,Institution_489,Public,0,95.0,,9
490,Institution_490,Public,0,75.0,97.0,7
491,Institution_491,Public,0,54.0,61.0,8
492,Institution_492,Public,0,78.0,86.0,9
493,Institution_493,Private,172715,86.0,66.0,7
494,Institution_494,Private,241398,,,8
495,Institution_495,Public,0,98.0,75.0,5
496,Institution_496,Private,232632,70.0,78.0,8
497,Institution_497,Public,0,59.0,82.0,9
498,Institution_498,Private,183186,54.0,76.0,6
499,Institution_499,Public,0,85.0,74.0,5
500,Institution_500,Public,0,55.0,59.0,7
501,Institution_501,Public,0,75.0,96.0,9
502,Institution_502,Public,0,53.0,72.0,6
503,Institution_503,Private,128380,88.0,70.0,8
504,Institution_504,Public,0,88.0,70.0,6
505,Institution_505,Public,0,99.0,92.0,9
506,Institution_506,Private,170326,84.0,62.0,9
507,Institution_507,Public,0,50.0,,6
508,Institution_508,Public,0,73.0,,8
509,Institution_509,Public,0,85.0,73.0,6
510,Institution_510,Public,0,55.0,93.0,9
511,Institution_511,Public,0,90.0,,9
512,Institution_512,Public,0,,66.0,7
513,Institution_513,Public,0,93.0,53.0,7
514,Institution_514,Public,0,80.0,,5
515,Institution_515,Private,365064,69.0,74.0,9
516,Institution_516,Private,345378,,79.0,7
517,Institution_517,Private,441705,74.0,58.0,6
518,Institution_518,Public,0,,70.0,8
519,Institution_519,Public,0,70.0,69.0,6
520,Institution_520,Private,335612,79.0,68.0,8
521,Institution_521,Public,0,73.0,68.0,7
522,Institution_522,Private,155230,93.0,61.0,5
523,Institution_523,Public,0,91.0,86.0,6
524,Institution_524,Public,0,79.0,,6
525,Institution_525,Public,0,71.0,,6
526,Institution_526,Public,0,77.0,,8
527,Institution_527,Public,0,56.0,97.0,7
528,Institution_528,Private,436275,84.0,88.0,6
529,Institution_529,Private,388107,77.0,77.0,6
530,Institution_530,Public,0,63.0,90.0,5
531,Institution_531,Public,0,59.0,84.0,5
532,Institution_532,Public,0,65.0,96.0,7
533,Institution_533,Public,0,65.0,97.0,7
534,Institution_534,Public,0,80.0,67.0,9
535,Institution_535,Public,0,91.0,63.0,5
536,Institution_536,Public,0,74.0,84.0,9
537,Institution_537,Public,0,62.0,93.0,8
538,Institution_538,Private,172099,55.0,90.0,9
539,Institution_539,Public,0,93.0,56.0,6
540,Institution_540,Private,131585,58.0,90.0,9
541,Institution_541,Public,0,94.0,62.0,7
542,Institution_542,Public,0,85.0,67.0,8
543,Institution_543,Private,388161,92.0,86.0,6
544,Institution_544,Public,0,69.0,,9
545,Institution_545,Public,0,67.0,85.0,8
546,Institution_546,Private,379922,92.0,,8
547,Institution_547,Private,276313,70.0,51.0,6
548,Institution_548,Public,0,53.0,65.0,9
549,Institution_549,Public,0,99.0,58.0,8
550,Institution_550,Public,0,82.0,58.0,8
551,Institution_551,Public,0,76.0,87.0,5
552,Institution_552,Public,0,56.0,60.0,8
553,Institution_553,Public,0,,71.0,5
554,Institution_554,Public,0,64.0,82.0,9
555,Institution_555,Public,0,67.0,85.0,9
556,Institution_556,Public,0,81.0,94.0,9
557,Institution_557,Private,119975,60.0,72.0,7
558,Institution_558,Private,257795,69.0,94.0,9
559,Institution_559,Public,0,73.0,94.0,8
560,Institution_560,Public,0,,83.0,6
561,Institution_561,Public,0,97.0,,5
562,Institution_562,Private,280225,56.0,,7
563,Institution_563,Private,395286,70.0,57.0,9
564,Institution_564,Private,389060,91.0,56.0,9
565,Institution_565,Private,164324,,85.0,6
566,Institution_566,Public,0,93.0,67.0,6
567,Institution_567,Private,488076,63.0,52.0,7
568,Institution_568,Public,0,86.0,77.0,5
569,Institution_569,Public,0,70.0,55.0,9
570,Institution_570,Private,196059,67.0,93.0,7
571,Institution_571,Public,0,54.0,93.0,8
572,Institution_572,Public,0,52.0,70.0,8
573,Institution_573,Private,397190,72.0,77.0,7
574,Institution_574,Public,0,75.0,89.0,9
575,Institution_575,Public,0,86.0,50.0,7
576,Institution_576,Public,0,73.0,85.0,9
577,Institution_577,Private,408037,98.0,70.0,6
578,Institution_578,Public,0,,,7
579,Institution_579,Public,0,74.0,84.0,9
580,Institution_580,Private,161272,70.0,62.0,7
581,Institution_581,Public,0,61.0,98.0,7
582,Institution_582,Public,0,90.0,59.0,9
583,Institution_583,Public,0,,93.0,9
584,Institution_584,Private,244832,99.0,96.0,5
585,Institution_585,Public,0,53.0,59.0,7
586,Institution_586,Private,448619,91.0,95.0,8
587,Institution_587,Private,161367,56.0,,7
588,Institution_588,Private,329027,,,7
589,Institution_589,Private,483894,82.0,87.0,9
590,Institution_590,Private,332750,,,7
591,Institution_591,Private,335806,73.0,51.0,7
592,Institution_592,Public,0,83.0,,8
593,Institution_593,Private,283305,77.0,66.0,9
594,Institution_594,Private,144738,92.0,85.0,7
595,Institution_595,Public,0,90.0,63.0,6
596,Institution_596,Public,0,88.0,,5
597,Institution_597,Public,0,71.0,84.0,8
598,Institution_598,Private,302332,98.0,74.0,7
599,Institution_599,Private,482729,,52.0,6
600,Institution_600,Private,438763,83.0,96.0,7
601,Institution_601,Private,211453,55.0,,7
602,Institution_602,Private,119816,95.0,66.0,9
603,Institution_603,Private,499492,55.0,,9
604,Institution_604,Private,345011,83.0,73.0,9
605,Institution_605,Private,441674,50.0,,6
606,Institution_606,Public,0,59.0,92.0,7
607,Institution_607,Private,313567,70.0,74.0,5
608,Institution_608,Private,171635,54.0,85.0,8
609,Institution_609,Public,0,51.0,75.0,9
610,Institution_610,Public,0,71.0,87.0,9
611,Institution_611,Private,398090,,50.0,7
612,Institution_612,Public,0,,69.0,7
613,Institution_613,Public,0,59.0,77.0,6
614,Institution_614,Private,377707,83.0,65.0,6
615,Institution_615,Public,0,65.0,96.0,9
616,Institution_616,Public,0,97.0,66.0,7
617,Institution_617,Private,332944,88.0,89.0,5
618,Institution_618,Private,371991,71.0,77.0,8
619,Institution_619,Public,0,61.0,,7
620,Institution_620,Public,0,73.0,76.0,7
621,Institution_621,Private,216891,96.0,91.0,6
622,Institution_622,Private,445454,89.0,96.0,8
623,Institution_623,Private,249381,87.0,79.0,9
624,Institution_624,Public,0,59.0,90.0,7
625,Institution_625,Public,0,84.0,83.0,9
626,Institution_626,Private,443681,98.0,86.0,7
627,Institution_627,Public,0,81.0,55.0,9
628,Institution_628,Public,0,56.0,56.0,8
629,Institution_629,Private,322500,70.0,81.0,6
630,Institution_630,Private,453299,69.0,81.0,8
631,Institution_631,Public,0,75.0,74.0,5
632,Institution_632,Public,0,53.0,82.0,6
633,Institution_633,Public,0,95.0,56.0,8
634,Institution_634,Public,0,71.0,61.0,5
635,Institution_635,Private,317285,,65.0,7
636,Institution_636,Public,0,89.0,65.0,7
637,Institution_637,Public,0,70.0,92.0,9
638,Institution_638,Private,334554,,85.0,6
639,Institution_639,Private,260928,71.0,62.0,7
640,Institution_640,Private,240272,,56.0,6
641,Institution_641,Private,426322,63.0,85.0,7
642,Institution_642,Private,396141,76.0,96.0,9
643,Institution_643,Private,219273,90.0,58.0,8
644,Institution_644,Private,272307,,81.0,9
645,Institution_645,Private,348500,77.0,60.0,5
646,Institution_646,Public,0,75.0,57.0,7
647,Institution_647,Public,0,98.0,82.0,5
648,Institution_648,Public,0,51.0,72.0,5
649,Institution_649,Public,0,74.0,,6
650,Institution_650,Public,0,,57.0,7
651,Institution_651,Private,226945,57.0,94.0,5
652,Institution_652,Public,0,,,8
653,Institution_653,Public,0,82.0,53.0,5
654,Institution_654,Public,0,91.0,89.0,8
655,Institution_655,Public,0,84.0,52.0,6
656,Institution_656,Private,220030,55.0,78.0,5
657,Institution_657,Private,418647,88.0,90.0,9
658,Institution_658,Private,499854,72.0,78.0,6
659,Institution_659,Public,0,,83.0,8
660,Institution_660,Public,0,99.0,,6
661,Institution_661,Private,109110,92.0,77.0,5
662,Institution_662,Public,0,68.0,62.0,7
663,Institution_663,Public,0,54.0,64.0,7
664,Institution_664,Private,139062,60.0,,8
665,Institution_665,Private,385055,61.0,93.0,8
666,Institution_666,Private,204061,59.0,75.0,7
667,Institution_667,Private,394700,57.0,53.0,8
668,Institution_668,Private,490479,73.0,75.0,6
669,Institution_669,Private,101969,77.0,89.0,9
670,Institution_670,Private,405897,90.0,58.0,9
671,Institution_671,Private,497686,85.0,54.0,6
672,Institution_672,Public,0,86.0,81.0,9
673,Institution_673,Private,372369,70.0,69.0,5
674,Institution_674,Public,0,57.0,99.0,6
675,Institution_675,Public,0,58.0,60.0,8
676,Institution_676,Public,0,96.0,,6
677,Institution_677,Private,375813,64.0,81.0,7
678,Institution_678,Private,486542,,77.0,8
679,Institution_679,Public,0,95.0,71.0,7
680,Institution_680,Public,0,89.0,90.0,8
681,Institution_681,Public,0,67.0,,9
682,Institution_682,Private,246649,91.0,75.0,6
683,Institution_683,Private,225354,69.0,93.0,5
684,Institution_684,Public,0,55.0,56.0,8
685,Institution_685,Public,0,,91.0,8
686,Institution_686,Public,0,51.0,,7
687,Institution_687,Public,0,56.0,74.0,9
688,Institution_688,Private,386233,65.0,59.0,7
689,Institution_689,Public,0,52.0,94.0,7
690,Institution_690,Private,328071,94.0,68.0,9
691,Institution_691,Private,472592,52.0,60.0,5
692,Institution_692,Public,0,76.0,62.0,7
693,Institution_693,Public,0,99.0,57.0,7
694,Institution_694,Private,416205,,89.0,8
695,Institution_695,Private,201376,89.0,53.0,9
696,Institution_696,Public,0,87.0,96.0,6
697,Institution_697,Private,409199,82.0,80.0,5
698,Institution_698,Public,0,,,5
699,Institution_699,Private,381652,50.0,60.0,9
700,Institution_700,Public,0,57.0,,8
701,Institution_701,Public,0,86.0,50.0,8
702,Institution_702,Private,370269,81.0,98.0,9
703,Institution_703,Private,136059,97.0,96.0,8
704,Institution_704,Private,203409,92.0,87.0,5
705,Institution_705,Private,105704,86.0,73.0,5
706,Institution_706,Public,0,53.0,96.0,6
707,Institution_707,Private,318200,79.0,80.0,9
708,Institution_708,Public,0,55.0,90.0,7
709,Institution_709,Private,258280,95.0,95.0,7
710,Institution_710,Public,0,68.0,99.0,6
711,Institution_711,Public,0,81.0,75.0,6
712,Institution_712,Public,0,58.0,98.0,8
713,Institution_713,Public,0,61.0,99.0,6
714,Institution_714,Public,0,60.0,54.0,6
715,Institution_715,Private,167203,95.0,69.0,7
716,Institution_716,Public,0,,90.0,8
717,Institution_717,Public,0,50.0,,6
718,Institution_718,Public,0,94.0,82.0,6
719,Institution_719,Private,458796,70.0,99.0,8
720,Institution_720,Public,0,,87.0,9
721,Institution_721,Public,0,62.0,76.0,8
722,Institution_722,Private,256498,83.0,83.0,7
723,Institution_723,Private,117772,53.0,64.0,9
724,Institution_724,Public,0,77.0,81.0,5
725,Institution_725,Public,0,87.0,,8
726,Institution_726,Public,0,80.0,95.0,7
727,Institution_727,Private,338389,76.0,54.0,9
728,Institution_728,Public,0,54.0,55.0,8
729,Institution_729,Private,191736,74.0,87.0,6
730,Institution_730,Private,151924,52.0,71.0,8
731,Institution_731,Private,103726,,67.0,5
732,Institution_732,Public,0,53.0,63.0,8
733,Institution_733,Public,0,74.0,,9
734,Institution_734,Public,0,69.0,95.0,9
735,Institution_735,Private,334182,83.0,62.0,8
736,Institution_736,Public,0,75.0,80.0,9
737,Institution_737,Private,240180,54.0,79.0,6
738,Institution_738,Public,0,,52.0,8
739,Institution_739,Public,0,77.0,,6
740,Institution_740,Private,262396,78.0,55.0,6
741,Institution_741,Public,0,58.0,78.0,7
742,Institution_742,Private,314432,87.0,57.0,8
743,Institution_743,Public,0,,93.0,9
744,Institution_744,Public,0,,94.0,6
745,Institution_745,Private,458690,68.0,92.0,7
746,Institution_746,Public,0,93.0,93.0,8
747,Institution_747,Private,425593,60.0,82.0,8
748,Institution_748,Public,0,51.0,66.0,5
749,Institution_749,Public,0,96.0,97.0,5
750,Institution_750,Public,0,93.0,60.0,6
751,Institution_751,Private,439720,93.0,,5
752,Institution_752,Public,0,58.0,99.0,6
753,Institution_753,Public,0,70.0,60.0,9
754,Institution_754,Private,325049,73.0,80.0,6
755,Institution_755,Private,368615,83.0,77.0,5
756,Institution_756,Public,0,71.0,93.0,9
757,Institution_757,Public,0,52.0,55.0,5
758,Institution_758,Public,0,61.0,,6
759,Institution_759,Public,0,77.0,65.0,7
760,Institution_760,Public,0,79.0,53.0,8
761,Institution_761,Private,363321,75.0,84.0,5
762,Institution_762,Private,235832,97.0,97.0,6
763,Institution_763,Private,394923,70.0,75.0,9
764,Institution_764,Public,0,77.0,61.0,5
765,Institution_765,Private,181889,75.0,60.0,5
766,Institution_766,Public,0,82.0,86.0,8
767,Institution_767,Public,0,70.0,74.0,6
768,Institution_768,Public,0,,67.0,7
769,Institution_769,Private,435914,83.0,68.0,9
770,Institution_770,Public,0,90.0,72.0,6
771,Institution_771,Private,258059,96.0,87.0,9
772,Institution_772,Public,0,67.0,67.0,5
773,Institution_773,Private,289420,60.0,75.0,8
774,Institution_774,Private,124596,72.0,55.0,8
775,Institution_775,Public,0,,53.0,7
776,Institution_776,Private,159182,71.0,93.0,8
777,Institution_777,Private,449307,66.0,78.0,5
778,Institution_778,Public,0,54.0,83.0,7
779,Institution_779,Public,0,93.0,66.0,6
780,Institution_780,Public,0,60.0,92.0,8
781,Institution_781,Public,0,79.0,92.0,7
782,Institution_782,Public,0,64.0,65.0,5
783,Institution_783,Private,472494,76.0,51.0,9
784,Institution_784,Private,145379,84.0,83.0,9
785,Institution_785,Private,345900,82.0,57.0,5
786,Institution_786,Public,0,69.0,62.0,5
787,Institution_787,Public,0,65.0,91.0,9
788,Institution_788,Public,0,83.0,57.0,7
789,Institution_789,Public,0,51.0,79.0,9
790,Institution_790,Public,0,,81.0,5
791,Institution_791,Private,157716,89.0,85.0,8
792,Institution_792,Public,0,77.0,96.0,6
793,Institution_793,Public,0,96.0,79.0,8
794,Institution_794,Public,0,88.0,50.0,8
795,Institution_795,Private,273724,55.0,92.0,5
796,Institution_796,Public,0,,88.0,9
797,Institution_797,Public,0,69.0,66.0,7
798,Institution_798,Public,0,,,8
799,Institution_799,Public,0,57.0,73.0,9
800,Institution_800,Public,0,,99.0,7
801,Institution_801,Public,0,52.0,71.0,8
802,Institution_802,Private,276048,53.0,,7
803,Institution_803,Public,0,74.0,,9
804,Institution_804,Public,0,96.0,93.0,6
805,Institution_805,Public,0,,58.0,9
806,Institution_806,Public,0,64.0,86.0,5
807,Institution_807,Public,0,70.0,59.0,7
808,Institution_808,Public,0,84.0,85.0,6
809,Institution_809,Public,0,95.0,86.0,7
810,Institution_810,Private,279785,63.0,77.0,7
811,Institution_811,Public,0,,77.0,8
812,Institution_812,Public,0,61.0,91.0,5
813,Institution_813,Private,365798,66.0,,7
814,Institution_814,Public,0,88.0,,9
815,Institution_815,Public,0,58.0,73.0,9
816,Institution_816,Public,0,84.0,91.0,8
817,Institution_817,Public,0,62.0,89.0,5
818,Institution_818,Private,499657,,51.0,5
819,Institution_819,Private,219735,67.0,57.0,9
820,Institution_820,Private,255683,82.0,97.0,6
821,Institution_821,Public,0,55.0,76.0,8
822,Institution_822,Private,207971,76.0,71.0,8
823,Institution_823,Private,112149,72.0,86.0,9
824,Institution_824,Private,462246,76.0,76.0,9
825,Institution_825,Public,0,83.0,78.0,6
826,Institution_826,Public,0,95.0,52.0,6
827,Institution_827,Private,433175,87.0,93.0,5
828,Institution_828,Private,142668,63.0,62.0,8
829,Institution_829,Public,0,85.0,94.0,8
830,Institution_830,Public,0,,59.0,9
831,Institution_831,Private,296501,84.0,85.0,5
832,Institution_832,Public,0,68.0,,8
833,Institution_833,Private,319861,79.0,76.0,5
834,Institution_834,Private,240507,63.0,83.0,5
835,Institution_835,Public,0,69.0,50.0,9
836,Institution_836,Public,0,98.0,,5
837,Institution_837,Public,0,74.0,74.0,6
838,Institution_838,Private,181929,89.0,78.0,6
839,Institution_839,Public,0,73.0,56.0,7
840,Institution_840,Public,0,63.0,98.0,9
841,Institution_841,Private,335128,,52.0,7
842,Institution_842,Public,0,87.0,69.0,6
843,Institution_843,Private,131401,72.0,69.0,7
844,Institution_844,Public,0,71.0,79.0,9
845,Institution_845,Private,219503,97.0,84.0,9
846,Institution_846,Public,0,,84.0,5
847,Institution_847,Private,227834,95.0,98.0,8
848,Institution_848,Public,0,52.0,88.0,5
849,Institution_849,Public,0,91.0,76.0,9
850,Institution_850,Public,0,68.0,75.0,6
851,Institution_851,Private,205111,58.0,63.0,6
852,Institution_852,Public,0,77.0,66.0,5
853,Institution_853,Private,262982,69.0,67.0,9
854,Institution_854,Public,0,94.0,,6
855,Institution_855,Private,451064,,78.0,9
856,Institution_856,Private,427825,63.0,69.0,6
857,Institution_857,Private,334386,58.0,76.0,9
858,Institution_858,Public,0,,67.0,7
859,Institution_859,Public,0,96.0,53.0,9
860,Institution_860,Private,360337,63.0,50.0,9
861,Institution_861,Public,0,87.0,99.0,5
862,Institution_862,Public,0,85.0,50.0,7
863,Institution_863,Public,0,,75.0,8
864,Institution_864,Public,0,66.0,94.0,5
865,Institution_865,Public,0,,69.0,8
866,Institution_866,Public,0,58.0,72.0,6
867,Institution_867,Private,442676,,59.0,8
868,Institution_868,Private,149104,74.0,60.0,9
869,Institution_869,Public,0,63.0,90.0,8
870,Institution_870,Public,0,60.0,90.0,5
871,Institution_871,Private,116014,84.0,54.0,5
872,Institution_872,Private,192578,90.0,50.0,8
873,Institution_873,Public,0,63.0,66.0,5
874,Institution_874,Public,0,79.0,71.0,5
875,Institution_875,Private,385855,90.0,83.0,8
876,Institution_876,Private,191658,53.0,94.0,7
877,Institution_877,Public,0,,90.0,7
878,Institution_878,Public,0,77.0,78.0,6
879,Institution_879,Private,258285,57.0,53.0,5
880,Institution_880,Private,346860,51.0,54.0,8
881,Institution_881,Private,369565,90.0,60.0,5
882,Institution_882,Public,0,95.0,70.0,9
883,Institution_883,Private,117727,71.0,84.0,5
884,Institution_884,Private,474562,90.0,61.0,5
885,Institution_885,Public,0,,75.0,7
886,Institution_886,Private,427252,78.0,68.0,8
887,Institution_887,Public,0,98.0,94.0,5
888,Institution_888,Private,194018,97.0,56.0,7
889,Institution_889,Private,486601,79.0,96.0,6
890,Institution_890,Private,394054,61.0,,7
891,Institution_891,Public,0,84.0,75.0,7
892,Institution_892,Public,0,60.0,89.0,7
893,Institution_893,Public,0,95.0,54.0,5
894,Institution_894,Private,293510,99.0,70.0,5
895,Institution_895,Public,0,70.0,63.0,6
896,Institution_896,Private,400611,70.0,53.0,9
897,Institution_897,Private,396037,54.0,,9
898,Institution_898,Public,0,97.0,91.0,9
899,Institution_899,Private,131007,69.0,69.0,6
900,Institution_900,Private,270604,86.0,64.0,9
901,Institution_901,Private,416397,52.0,99.0,9
902,Institution_902,Private,112323,93.0,94.0,7
903,Institution_903,Private,473479,82.0,78.0,5
904,Institution_904,Public,0,58.0,,5
905,Institution_905,Public,0,58.0,90.0,7
906,Institution_906,Public,0,53.0,,7
907,Institution_907,Public,0,84.0,68.0,7
908,Institution_908,Private,131367,,97.0,5
909,Institution_909,Private,154624,83.0,88.0,9
910,Institution_910,Private,334565,73.0,95.0,7
911,Institution_911,Public,0,81.0,77.0,6
912,Institution_912,Private,488070,50.0,95.0,7
913,Institution_913,Public,0,57.0,,8
914,Institution_914,Public,0,94.0,53.0,7
915,Institution_915,Public,0,72.0,,5
916,Institution_916,Public,0,96.0,84.0,7
917,Institution_917,Private,301659,89.0,86.0,8
918,Institution_918,Public,0,61.0,50.0,6
919,Institution_919,Public,0,61.0,52.0,9
920,Institution_920,Private,235327,95.0,96.0,7
921,Institution_921,Public,0,,73.0,8
922,Institution_922,Public,0,64.0,76.0,8
923,Institution_923,Public,0,90.0,89.0,6
924,Institution_924,Public,0,68.0,85.0,5
925,Institution_925,Public,0,75.0,83.0,7
926,Institution_926,Private,174069,78.0,78.0,8
927,Institution_927,Private,329189,,73.0,6
928,Institution_928,Public,0,89.0,73.0,9
929,Institution_929,Public,0,70.0,91.0,8
930,Institution_930,Private,225541,,,6
931,Institution_931,Private,289648,69.0,52.0,5
932,Institution_932,Public,0,78.0,83.0,5
933,Institution_933,Public,0,53.0,,8
934,Institution_934,Public,0,56.0,72.0,8
935,Institution_935,Private,459687,77.0,72.0,7
936,Institution_936,Private,231733,77.0,94.0,6
937,Institution_937,Private,275915,53.0,54.0,8
938,Institution_938,Public,0,71.0,80.0,7
939,Institution_939,Private,142828,61.0,90.0,7
940,Institution_940,Public,0,94.0,55.0,8
941,Institution_941,Private,372670,52.0,86.0,5
942,Institution_942,Public,0,71.0,59.0,6
943,Institution_943,Public,0,93.0,89.0,6
944,Institution_944,Public,0,,56.0,5
945,Institution_945,Private,362351,73.0,88.0,8
946,Institution_946,Private,332041,83.0,87.0,6
947,Institution_947,Private,450877,76.0,70.0,8
948,Institution_948,Public,0,90.0,,8
949,Institution_949,Public,0,50.0,52.0,7
950,Institution_950,Public,0,57.0,71.0,5
951,Institution_951,Public,0,,96.0,8
952,Institution_952,Public,0,87.0,53.0,9
953,Institution_953,Private,408623,55.0,77.0,5
954,Institution_954,Public,0,71.0,61.0,6
955,Institution_955,Public,0,74.0,87.0,7
956,Institution_956,Private,241826,67.0,85.0,6
957,Institution_957,Public,0,66.0,96.0,6
958,Institution_958,Private,443581,61.0,90.0,5
959,Institution_959,Private,198540,55.0,54.0,6
960,Institution_960,Public,0,75.0,,8
961,Institution_961,Private,202747,76.0,72.0,6
962,Institution_962,Public,0,57.0,99.0,7
963,Institution_963,Private,410375,68.0,79.0,7
964,Institution_964,Private,129301,91.0,86.0,9
965,Institution_965,Private,322724,50.0,74.0,7
966,Institution_966,Private,293783,78.0,97.0,6
967,Institution_967,Public,0,94.0,,7
968,Institution_968,Private,118752,98.0,,5
969,Institution_969,Public,0,,97.0,7
970,Institution_970,Public,0,89.0,96.0,8
971,Institution_971,Public,0,63.0,85.0,5
972,Institution_972,Public,0,84.0,88.0,9
973,Institution_973,Public,0,97.0,65.0,8
974,Institution_974,Private,156273,94.0,71.0,6
975,Institution_975,Private,358503,69.0,70.0,6
976,Institution_976,Private,191878,98.0,70.0,6
977,Institution_977,Public,0,62.0,,8
978,Institution_978,Private,219968,87.0,98.0,8
979,Institution_979,Public,0,98.0,65.0,8
980,Institution_980,Public,0,,80.0,5
981,Institution_981,Private,110699,98.0,91.0,5
982,Institution_982,Public,0,57.0,59.0,6
983,Institution_983,Private,109715,92.0,81.0,7
984,Institution_984,Private,119169,69.0,83.0,6
985,Institution_985,Public,0,82.0,58.0,9
986,Institution_986,Public,0,75.0,66.0,5
987,Institution_987,Public,0,88.0,60.0,8
988,Institution_988,Public,0,,81.0,5
989,Institution_989,Private,224481,98.0,59.0,8
990,Institution_990,Public,0,,,9
991,Institution_991,Public,0,92.0,66.0,9
992,Institution_992,Public,0,90.0,,5
993,Institution_993,Private,278936,58.0,97.0,8
994,Institution_994,Public,0,73.0,96.0,9
995,Institution_995,Private,446560,86.0,74.0,6
996,Institution_996,Private,489954,98.0,70.0,6
997,Institution_997,Public,0,90.0,86.0,8
998,Institution_998,Private,273757,66.0,87.0,5
999,Institution_999,Public,0,73.0,98.0,9
1000,Institution_1000,Public,0,70.0,50.0,5
